2026-09-10 12:49:21.242   Log opened. (Time zone: UTC+03:00)
2026-09-10 12:49:21.242   Setup version: Inno Setup version 6.7.1
2026-09-10 12:49:21.242   Original Setup EXE: C:\Users\Public\R12BuildIdentity\setup.exe
2026-09-10 12:49:21.242   Setup command line: /SL5="$30240,28022840,871424,C:\Users\Public\R12BuildIdentity\setup.exe" /SPAWNWND=$3022E /FIRSTWND=$2023C /LOG=C:\Users\Public\R12BuildIdentity\wizard.log
2026-09-10 12:49:21.242   Compatibility mode: Yes (Installer)
2026-09-10 12:49:21.242   Windows version: 10.0.26200
2026-09-10 12:49:21.242   Windows architecture: x64 (64-bit)
2026-09-10 12:49:21.242   Machine types supported by system: x86 x64
2026-09-10 12:49:21.242   User privileges: Administrative
2026-09-10 12:49:21.244   Administrative install mode: Yes
2026-09-10 12:49:21.244   Install mode root key: HKEY_LOCAL_MACHINE
2026-09-10 12:49:21.244   64-bit install mode: Yes
2026-09-10 12:49:21.244   RedirectionGuard status for current process: Enabled in enforcing mode
2026-09-10 12:49:21.246   Created protected temporary directory: C:\Users\POKROV~1\AppData\Local\Temp\is-SVYNUUZV61.tmp
2026-09-10 12:54:46.002   Found 14 files to register with RestartManager.
2026-09-10 12:54:46.002   Calling RestartManager's RmGetList.
2026-09-10 12:54:47.044   RmGetList finished successfully.
2026-09-10 12:54:47.044   RestartManager found no applications using one of our files.
2026-09-10 12:54:47.057   Starting the installation process.
2026-09-10 12:54:47.059   Directory for uninstall files: C:\Program Files\POKROV
2026-09-10 12:54:47.066   Will append to existing uninstall log: C:\Program Files\POKROV\unins000.dat
2026-09-10 12:54:47.084   -- File entry --
2026-09-10 12:54:47.084   Dest filename: C:\Program Files\POKROV\unins000.exe
2026-09-10 12:54:47.084   Non-default bitness: 32-bit
2026-09-10 12:54:47.086   Time stamp of our file: 2026-09-10 12:49:21.079
2026-09-10 12:54:47.086   Dest file exists.
2026-09-10 12:54:47.086   Time stamp of existing file: 2026-09-10 12:25:52.439
2026-09-10 12:54:47.086   Version of our file: 51.1054.0.0
2026-09-10 12:54:47.154   Version of existing file: 51.1054.0.0
2026-09-10 12:54:47.154   Installing the file.
2026-09-10 12:54:47.159   Leaving temporary file in place for now.
2026-09-10 12:54:47.161   -- File entry --
2026-09-10 12:54:47.161   Dest filename: C:\Program Files\POKROV\file_selector_windows_plugin.dll
2026-09-10 12:54:47.161   Time stamp of our file: 2026-09-10 12:44:48.000
2026-09-10 12:54:47.161   Dest file exists.
2026-09-10 12:54:47.163   Time stamp of existing file: 2026-09-10 11:04:48.000
2026-09-10 12:54:47.163   Installing the file.
2026-09-10 12:54:47.165   Successfully installed the file.
2026-09-10 12:54:47.165   -- File entry --
2026-09-10 12:54:47.168   Dest filename: C:\Program Files\POKROV\flutter_secure_storage_windows_plugin.dll
2026-09-10 12:54:47.168   Time stamp of our file: 2026-09-10 12:44:50.000
2026-09-10 12:54:47.168   Dest file exists.
2026-09-10 12:54:47.168   Time stamp of existing file: 2026-09-10 11:04:50.000
2026-09-10 12:54:47.168   Installing the file.
2026-09-10 12:54:47.172   Successfully installed the file.
2026-09-10 12:54:47.172   -- File entry --
2026-09-10 12:54:47.172   Dest filename: C:\Program Files\POKROV\flutter_windows.dll
2026-09-10 12:54:47.174   Time stamp of our file: 2026-04-15 05:42:40.000
2026-09-10 12:54:47.174   Dest file exists.
2026-09-10 12:54:47.174   Time stamp of existing file: 2026-04-15 05:42:40.000
2026-09-10 12:54:47.174   Installing the file.
2026-09-10 12:54:47.629   Successfully installed the file.
2026-09-10 12:54:47.631   -- File entry --
2026-09-10 12:54:47.631   Dest filename: C:\Program Files\POKROV\libcronet.dll
2026-09-10 12:54:47.631   Time stamp of our file: 2026-09-09 05:39:40.000
2026-09-10 12:54:47.631   Dest file exists.
2026-09-10 12:54:47.631   Time stamp of existing file: 2026-09-09 05:39:40.000
2026-09-10 12:54:47.631   Installing the file.
2026-09-10 12:54:47.868   Successfully installed the file.
2026-09-10 12:54:47.868   -- File entry --
2026-09-10 12:54:47.870   Dest filename: C:\Program Files\POKROV\libcronet.NOTICES.txt
2026-09-10 12:54:47.870   Time stamp of our file: 2026-09-10 12:40:56.000
2026-09-10 12:54:47.870   Dest file exists.
2026-09-10 12:54:47.870   Time stamp of existing file: 2026-09-10 10:47:26.000
2026-09-10 12:54:47.870   Installing the file.
2026-09-10 12:54:47.873   Successfully installed the file.
2026-09-10 12:54:47.873   -- File entry --
2026-09-10 12:54:47.873   Dest filename: C:\Program Files\POKROV\msvcp140.dll
2026-09-10 12:54:47.873   Time stamp of our file: 2024-11-30 00:40:52.000
2026-09-10 12:54:47.875   Dest file exists.
2026-09-10 12:54:47.875   Time stamp of existing file: 2024-11-30 00:40:52.000
2026-09-10 12:54:47.875   Installing the file.
2026-09-10 12:54:47.887   Successfully installed the file.
2026-09-10 12:54:47.887   -- File entry --
2026-09-10 12:54:47.887   Dest filename: C:\Program Files\POKROV\pokrov-core.dll
2026-09-10 12:54:47.887   Time stamp of our file: 2026-09-09 05:39:40.000
2026-09-10 12:54:47.887   Dest file exists.
2026-09-10 12:54:47.887   Time stamp of existing file: 2026-09-09 05:39:40.000
2026-09-10 12:54:47.887   Installing the file.
2026-09-10 12:54:49.116   Successfully installed the file.
2026-09-10 12:54:49.116   -- File entry --
2026-09-10 12:54:49.118   Dest filename: C:\Program Files\POKROV\pokrov_tray.ico
2026-09-10 12:54:49.118   Time stamp of our file: 2026-09-10 12:40:56.000
2026-09-10 12:54:49.118   Dest file exists.
2026-09-10 12:54:49.118   Time stamp of existing file: 2026-09-10 10:47:26.000
2026-09-10 12:54:49.118   Installing the file.
2026-09-10 12:54:49.122   Successfully installed the file.
2026-09-10 12:54:49.122   -- File entry --
2026-09-10 12:54:49.122   Dest filename: C:\Program Files\POKROV\pokrov_windows.exe
2026-09-10 12:54:49.122   Time stamp of our file: 2026-09-10 12:45:40.000
2026-09-10 12:54:49.122   Dest file exists.
2026-09-10 12:54:49.122   Time stamp of existing file: 2026-09-10 11:05:40.000
2026-09-10 12:54:49.122   Installing the file.
2026-09-10 12:54:49.131   Successfully installed the file.
2026-09-10 12:54:49.131   -- File entry --
2026-09-10 12:54:49.131   Dest filename: C:\Program Files\POKROV\screen_retriever_windows_plugin.dll
2026-09-10 12:54:49.131   Time stamp of our file: 2026-09-10 12:45:22.000
2026-09-10 12:54:49.131   Dest file exists.
2026-09-10 12:54:49.131   Time stamp of existing file: 2026-09-10 11:05:24.000
2026-09-10 12:54:49.131   Installing the file.
2026-09-10 12:54:49.134   Successfully installed the file.
2026-09-10 12:54:49.134   -- File entry --
2026-09-10 12:54:49.134   Dest filename: C:\Program Files\POKROV\tray_manager_plugin.dll
2026-09-10 12:54:49.134   Time stamp of our file: 2026-09-10 12:45:24.000
2026-09-10 12:54:49.134   Dest file exists.
2026-09-10 12:54:49.134   Time stamp of existing file: 2026-09-10 11:05:26.000
2026-09-10 12:54:49.134   Installing the file.
2026-09-10 12:54:49.140   Successfully installed the file.
2026-09-10 12:54:49.140   -- File entry --
2026-09-10 12:54:49.140   Dest filename: C:\Program Files\POKROV\url_launcher_windows_plugin.dll
2026-09-10 12:54:49.140   Time stamp of our file: 2026-09-10 12:45:28.000
2026-09-10 12:54:49.140   Dest file exists.
2026-09-10 12:54:49.140   Time stamp of existing file: 2026-09-10 11:05:30.000
2026-09-10 12:54:49.140   Installing the file.
2026-09-10 12:54:49.140   Successfully installed the file.
2026-09-10 12:54:49.140   -- File entry --
2026-09-10 12:54:49.140   Dest filename: C:\Program Files\POKROV\vcruntime140.dll
2026-09-10 12:54:49.140   Time stamp of our file: 2024-11-30 00:40:52.000
2026-09-10 12:54:49.140   Dest file exists.
2026-09-10 12:54:49.140   Time stamp of existing file: 2024-11-30 00:40:52.000
2026-09-10 12:54:49.140   Installing the file.
2026-09-10 12:54:49.140   Successfully installed the file.
2026-09-10 12:54:49.140   -- File entry --
2026-09-10 12:54:49.140   Dest filename: C:\Program Files\POKROV\vcruntime140_1.dll
2026-09-10 12:54:49.140   Time stamp of our file: 2024-11-30 00:40:52.000
2026-09-10 12:54:49.140   Dest file exists.
2026-09-10 12:54:49.140   Time stamp of existing file: 2024-11-30 00:40:52.000
2026-09-10 12:54:49.140   Installing the file.
2026-09-10 12:54:49.140   Successfully installed the file.
2026-09-10 12:54:49.140   -- File entry --
2026-09-10 12:54:49.140   Dest filename: C:\Program Files\POKROV\window_manager_plugin.dll
2026-09-10 12:54:49.140   Time stamp of our file: 2026-09-10 12:45:32.000
2026-09-10 12:54:49.140   Dest file exists.
2026-09-10 12:54:49.140   Time stamp of existing file: 2026-09-10 11:05:32.000
2026-09-10 12:54:49.140   Installing the file.
2026-09-10 12:54:49.140   Successfully installed the file.
2026-09-10 12:54:49.140   -- File entry --
2026-09-10 12:54:49.140   Dest filename: C:\Program Files\POKROV\data\app.so
2026-09-10 12:54:49.140   Time stamp of our file: 2026-09-10 12:44:38.000
2026-09-10 12:54:49.140   Dest file exists.
2026-09-10 12:54:49.140   Time stamp of existing file: 2026-09-10 11:04:38.000
2026-09-10 12:54:49.140   Installing the file.
2026-09-10 12:54:49.369   Successfully installed the file.
2026-09-10 12:54:49.369   -- File entry --
2026-09-10 12:54:49.371   Dest filename: C:\Program Files\POKROV\data\icudtl.dat
2026-09-10 12:54:49.371   Time stamp of our file: 2026-04-15 05:16:02.000
2026-09-10 12:54:49.371   Dest file exists.
2026-09-10 12:54:49.371   Time stamp of existing file: 2026-04-15 05:16:02.000
2026-09-10 12:54:49.371   Installing the file.
2026-09-10 12:54:49.395   Successfully installed the file.
2026-09-10 12:54:49.395   -- File entry --
2026-09-10 12:54:49.395   Dest filename: C:\Program Files\POKROV\data\flutter_assets\AssetManifest.bin
2026-09-10 12:54:49.395   Time stamp of our file: 2026-09-10 12:44:38.000
2026-09-10 12:54:49.395   Dest file exists.
2026-09-10 12:54:49.395   Time stamp of existing file: 2026-09-10 11:04:38.000
2026-09-10 12:54:49.395   Installing the file.
2026-09-10 12:54:49.397   Successfully installed the file.
2026-09-10 12:54:49.397   -- File entry --
2026-09-10 12:54:49.397   Dest filename: C:\Program Files\POKROV\data\flutter_assets\FontManifest.json
2026-09-10 12:54:49.397   Time stamp of our file: 2026-09-10 12:44:38.000
2026-09-10 12:54:49.397   Dest file exists.
2026-09-10 12:54:49.397   Time stamp of existing file: 2026-09-10 11:04:38.000
2026-09-10 12:54:49.397   Installing the file.
2026-09-10 12:54:49.397   Successfully installed the file.
2026-09-10 12:54:49.397   -- File entry --
2026-09-10 12:54:49.400   Dest filename: C:\Program Files\POKROV\data\flutter_assets\NativeAssetsManifest.json
2026-09-10 12:54:49.400   Time stamp of our file: 2026-09-10 12:44:14.000
2026-09-10 12:54:49.400   Dest file exists.
2026-09-10 12:54:49.400   Time stamp of existing file: 2026-09-10 11:04:10.000
2026-09-10 12:54:49.400   Installing the file.
2026-09-10 12:54:49.402   Successfully installed the file.
2026-09-10 12:54:49.402   -- File entry --
2026-09-10 12:54:49.402   Dest filename: C:\Program Files\POKROV\data\flutter_assets\NOTICES.Z
2026-09-10 12:54:49.402   Time stamp of our file: 2026-09-10 12:44:38.000
2026-09-10 12:54:49.402   Dest file exists.
2026-09-10 12:54:49.402   Time stamp of existing file: 2026-09-10 11:04:38.000
2026-09-10 12:54:49.402   Installing the file.
2026-09-10 12:54:49.408   Successfully installed the file.
2026-09-10 12:54:49.408   -- File entry --
2026-09-10 12:54:49.410   Dest filename: C:\Program Files\POKROV\data\flutter_assets\assets\brand\pokrov_mark.png
2026-09-10 12:54:49.410   Time stamp of our file: 2026-09-10 12:40:56.000
2026-09-10 12:54:49.410   Dest file exists.
2026-09-10 12:54:49.410   Time stamp of existing file: 2026-09-10 10:47:26.000
2026-09-10 12:54:49.410   Installing the file.
2026-09-10 12:54:49.414   Successfully installed the file.
2026-09-10 12:54:49.414   -- File entry --
2026-09-10 12:54:49.414   Dest filename: C:\Program Files\POKROV\data\flutter_assets\assets\brand\pokrov_mark_128.png
2026-09-10 12:54:49.414   Time stamp of our file: 2026-09-10 12:40:56.000
2026-09-10 12:54:49.414   Dest file exists.
2026-09-10 12:54:49.414   Time stamp of existing file: 2026-09-10 10:47:26.000
2026-09-10 12:54:49.414   Installing the file.
2026-09-10 12:54:49.417   Successfully installed the file.
2026-09-10 12:54:49.417   -- File entry --
2026-09-10 12:54:49.419   Dest filename: C:\Program Files\POKROV\data\flutter_assets\assets\brand\pokrov_mark_256.png
2026-09-10 12:54:49.419   Time stamp of our file: 2026-09-10 12:40:56.000
2026-09-10 12:54:49.419   Dest file exists.
2026-09-10 12:54:49.419   Time stamp of existing file: 2026-09-10 10:47:26.000
2026-09-10 12:54:49.419   Installing the file.
2026-09-10 12:54:49.421   Successfully installed the file.
2026-09-10 12:54:49.423   -- File entry --
2026-09-10 12:54:49.423   Dest filename: C:\Program Files\POKROV\data\flutter_assets\fonts\MaterialIcons-Regular.otf
2026-09-10 12:54:49.423   Time stamp of our file: 2026-04-15 05:15:58.000
2026-09-10 12:54:49.423   Dest file exists.
2026-09-10 12:54:49.423   Time stamp of existing file: 2026-04-15 05:15:58.000
2026-09-10 12:54:49.423   Installing the file.
2026-09-10 12:54:49.458   Successfully installed the file.
2026-09-10 12:54:49.458   -- File entry --
2026-09-10 12:54:49.458   Dest filename: C:\Program Files\POKROV\data\flutter_assets\packages\country_flags\res\si\ac.si
2026-09-10 12:54:49.458   Time stamp of our file: 2026-08-13 12:30:56.000
2026-09-10 12:54:49.458   Dest file exists.
2026-09-10 12:54:49.458   Time stamp of existing file: 2026-08-13 12:30:56.000
2026-09-10 12:54:49.458   Installing the file.
2026-09-10 12:54:49.460   Successfully installed the file.
2026-09-10 12:54:49.460   -- File entry --
2026-09-10 12:54:49.460   Dest filename: C:\Program Files\POKROV\data\flutter_assets\packages\country_flags\res\si\ad.si
2026-09-10 12:54:49.460   Time stamp of our file: 2026-08-13 12:30:56.000
2026-09-10 12:54:49.460   Dest file exists.
2026-09-10 12:54:49.460   Time stamp of existing file: 2026-08-13 12:30:56.000
2026-09-10 12:54:49.460   Installing the file.
2026-09-10 12:54:49.462   Successfully installed the file.
2026-09-10 12:54:49.462   -- File entry --
2026-09-10 12:54:49.462   Dest filename: C:\Program Files\POKROV\data\flutter_assets\packages\country_flags\res\si\ae.si
2026-09-10 12:54:49.462   Time stamp of our file: 2026-08-13 12:30:56.000
2026-09-10 12:54:49.462   Dest file exists.
2026-09-10 12:54:49.462   Time stamp of existing file: 2026-08-13 12:30:56.000
2026-09-10 12:54:49.462   Installing the file.
2026-09-10 12:54:49.464   Successfully installed the file.
2026-09-10 12:54:49.464   -- File entry --
2026-09-10 12:54:49.466   Dest filename: C:\Program Files\POKROV\data\flutter_assets\packages\country_flags\res\si\af.si
2026-09-10 12:54:49.466   Time stamp of our file: 2026-08-13 12:30:56.000
2026-09-10 12:54:49.466   Dest file exists.
2026-09-10 12:54:49.466   Time stamp of existing file: 2026-08-13 12:30:56.000
2026-09-10 12:54:49.466   Installing the file.
2026-09-10 12:54:49.466   Successfully installed the file.
2026-09-10 12:54:49.466   -- File entry --
2026-09-10 12:54:49.468   Dest filename: C:\Program Files\POKROV\data\flutter_assets\packages\country_flags\res\si\ag.si
2026-09-10 12:54:49.468   Time stamp of our file: 2026-08-13 12:30:56.000
2026-09-10 12:54:49.468   Dest file exists.
2026-09-10 12:54:49.468   Time stamp of existing file: 2026-08-13 12:30:56.000
2026-09-10 12:54:49.468   Installing the file.
2026-09-10 12:54:49.468   Successfully installed the file.
2026-09-10 12:54:49.468   -- File entry --
2026-09-10 12:54:49.471   Dest filename: C:\Program Files\POKROV\data\flutter_assets\packages\country_flags\res\si\ai.si
2026-09-10 12:54:49.471   Time stamp of our file: 2026-08-13 12:30:56.000
2026-09-10 12:54:49.471   Dest file exists.
2026-09-10 12:54:49.471   Time stamp of existing file: 2026-08-13 12:30:56.000
2026-09-10 12:54:49.471   Installing the file.
2026-09-10 12:54:49.471   Successfully installed the file.
2026-09-10 12:54:49.471   -- File entry --
2026-09-10 12:54:49.473   Dest filename: C:\Program Files\POKROV\data\flutter_assets\packages\country_flags\res\si\al.si
2026-09-10 12:54:49.473   Time stamp of our file: 2026-08-13 12:30:56.000
2026-09-10 12:54:49.473   Dest file exists.
2026-09-10 12:54:49.473   Time stamp of existing file: 2026-08-13 12:30:56.000
2026-09-10 12:54:49.473   Installing the file.
2026-09-10 12:54:49.473   Successfully installed the file.
2026-09-10 12:54:49.473   -- File entry --
2026-09-10 12:54:49.473   Dest filename: C:\Program Files\POKROV\data\flutter_assets\packages\country_flags\res\si\am.si
2026-09-10 12:54:49.475   Time stamp of our file: 2026-08-13 12:30:56.000
2026-09-10 12:54:49.475   Dest file exists.
2026-09-10 12:54:49.475   Time stamp of existing file: 2026-08-13 12:30:56.000
2026-09-10 12:54:49.475   Installing the file.
2026-09-10 12:54:49.475   Successfully installed the file.
2026-09-10 12:54:49.475   -- File entry --
2026-09-10 12:54:49.475   Dest filename: C:\Program Files\POKROV\data\flutter_assets\packages\country_flags\res\si\ao.si
2026-09-10 12:54:49.475   Time stamp of our file: 2026-08-13 12:30:56.000
2026-09-10 12:54:49.475   Dest file exists.
2026-09-10 12:54:49.475   Time stamp of existing file: 2026-08-13 12:30:56.000
2026-09-10 12:54:49.475   Installing the file.
2026-09-10 12:54:49.477   Successfully installed the file.
2026-09-10 12:54:49.477   -- File entry --
2026-09-10 12:54:49.477   Dest filename: C:\Program Files\POKROV\data\flutter_assets\packages\country_flags\res\si\aq.si
2026-09-10 12:54:49.477   Time stamp of our file: 2026-08-13 12:30:56.000
2026-09-10 12:54:49.477   Dest file exists.
2026-09-10 12:54:49.477   Time stamp of existing file: 2026-08-13 12:30:56.000
2026-09-10 12:54:49.477   Installing the file.
2026-09-10 12:54:49.479   Successfully installed the file.
2026-09-10 12:54:49.479   -- File entry --
2026-09-10 12:54:49.479   Dest filename: C:\Program Files\POKROV\data\flutter_assets\packages\country_flags\res\si\ar.si
2026-09-10 12:54:49.479   Time stamp of our file: 2026-08-13 12:30:56.000
2026-09-10 12:54:49.479   Dest file exists.
2026-09-10 12:54:49.479   Time stamp of existing file: 2026-08-13 12:30:56.000
2026-09-10 12:54:49.479   Installing the file.
2026-09-10 12:54:49.481   Successfully installed the file.
2026-09-10 12:54:49.481   -- File entry --
2026-09-10 12:54:49.481   Dest filename: C:\Program Files\POKROV\data\flutter_assets\packages\country_flags\res\si\as.si
2026-09-10 12:54:49.481   Time stamp of our file: 2026-08-13 12:30:56.000
2026-09-10 12:54:49.481   Dest file exists.
2026-09-10 12:54:49.481   Time stamp of existing file: 2026-08-13 12:30:56.000
2026-09-10 12:54:49.481   Installing the file.
2026-09-10 12:54:49.483   Successfully installed the file.
2026-09-10 12:54:49.485   -- File entry --
2026-09-10 12:54:49.485   Dest filename: C:\Program Files\POKROV\data\flutter_assets\packages\country_flags\res\si\at.si
2026-09-10 12:54:49.485   Time stamp of our file: 2026-08-13 12:30:56.000
2026-09-10 12:54:49.485   Dest file exists.
2026-09-10 12:54:49.485   Time stamp of existing file: 2026-08-13 12:30:56.000
2026-09-10 12:54:49.485   Installing the file.
2026-09-10 12:54:49.485   Successfully installed the file.
2026-09-10 12:54:49.485   -- File entry --
2026-09-10 12:54:49.485   Dest filename: C:\Program Files\POKROV\data\flutter_assets\packages\country_flags\res\si\au.si
2026-09-10 12:54:49.485   Time stamp of our file: 2026-08-13 12:30:56.000
2026-09-10 12:54:49.485   Dest file exists.
2026-09-10 12:54:49.485   Time stamp of existing file: 2026-08-13 12:30:56.000
2026-09-10 12:54:49.485   Installing the file.
2026-09-10 12:54:49.487   Successfully installed the file.
2026-09-10 12:54:49.487   -- File entry --
2026-09-10 12:54:49.487   Dest filename: C:\Program Files\POKROV\data\flutter_assets\packages\country_flags\res\si\aw.si
2026-09-10 12:54:49.487   Time stamp of our file: 2026-08-13 12:30:56.000
2026-09-10 12:54:49.487   Dest file exists.
2026-09-10 12:54:49.487   Time stamp of existing file: 2026-08-13 12:30:56.000
2026-09-10 12:54:49.487   Installing the file.
2026-09-10 12:54:49.487   Successfully installed the file.
2026-09-10 12:54:49.487   -- File entry --
2026-09-10 12:54:49.490   Dest filename: C:\Program Files\POKROV\data\flutter_assets\packages\country_flags\res\si\ax.si
2026-09-10 12:54:49.490   Time stamp of our file: 2026-08-13 12:30:56.000
2026-09-10 12:54:49.490   Dest file exists.
2026-09-10 12:54:49.490   Time stamp of existing file: 2026-08-13 12:30:56.000
2026-09-10 12:54:49.490   Installing the file.
2026-09-10 12:54:49.490   Successfully installed the file.
2026-09-10 12:54:49.490   -- File entry --
2026-09-10 12:54:49.490   Dest filename: C:\Program Files\POKROV\data\flutter_assets\packages\country_flags\res\si\az.si
2026-09-10 12:54:49.492   Time stamp of our file: 2026-08-13 12:30:56.000
2026-09-10 12:54:49.492   Dest file exists.
2026-09-10 12:54:49.492   Time stamp of existing file: 2026-08-13 12:30:56.000
2026-09-10 12:54:49.492   Installing the file.
2026-09-10 12:54:49.492   Successfully installed the file.
2026-09-10 12:54:49.492   -- File entry --
2026-09-10 12:54:49.492   Dest filename: C:\Program Files\POKROV\data\flutter_assets\packages\country_flags\res\si\ba.si
2026-09-10 12:54:49.492   Time stamp of our file: 2026-08-13 12:30:56.000
2026-09-10 12:54:49.492   Dest file exists.
2026-09-10 12:54:49.492   Time stamp of existing file: 2026-08-13 12:30:56.000
2026-09-10 12:54:49.492   Installing the file.
2026-09-10 12:54:49.494   Successfully installed the file.
2026-09-10 12:54:49.494   -- File entry --
2026-09-10 12:54:49.494   Dest filename: C:\Program Files\POKROV\data\flutter_assets\packages\country_flags\res\si\bb.si
2026-09-10 12:54:49.494   Time stamp of our file: 2026-08-13 12:30:56.000
2026-09-10 12:54:49.494   Dest file exists.
2026-09-10 12:54:49.494   Time stamp of existing file: 2026-08-13 12:30:56.000
2026-09-10 12:54:49.494   Installing the file.
2026-09-10 12:54:49.494   Successfully installed the file.
2026-09-10 12:54:49.496   -- File entry --
2026-09-10 12:54:49.496   Dest filename: C:\Program Files\POKROV\data\flutter_assets\packages\country_flags\res\si\bd.si
2026-09-10 12:54:49.496   Time stamp of our file: 2026-08-13 12:30:56.000
2026-09-10 12:54:49.496   Dest file exists.
2026-09-10 12:54:49.496   Time stamp of existing file: 2026-08-13 12:30:56.000
2026-09-10 12:54:49.496   Installing the file.
2026-09-10 12:54:49.496   Successfully installed the file.
2026-09-10 12:54:49.496   -- File entry --
2026-09-10 12:54:49.498   Dest filename: C:\Program Files\POKROV\data\flutter_assets\packages\country_flags\res\si\be.si
2026-09-10 12:54:49.498   Time stamp of our file: 2026-08-13 12:30:56.000
2026-09-10 12:54:49.498   Dest file exists.
2026-09-10 12:54:49.498   Time stamp of existing file: 2026-08-13 12:30:56.000
2026-09-10 12:54:49.498   Installing the file.
2026-09-10 12:54:49.498   Successfully installed the file.
2026-09-10 12:54:49.498   -- File entry --
2026-09-10 12:54:49.498   Dest filename: C:\Program Files\POKROV\data\flutter_assets\packages\country_flags\res\si\bf.si
2026-09-10 12:54:49.498   Time stamp of our file: 2026-08-13 12:30:56.000
2026-09-10 12:54:49.498   Dest file exists.
2026-09-10 12:54:49.498   Time stamp of existing file: 2026-08-13 12:30:56.000
2026-09-10 12:54:49.498   Installing the file.
2026-09-10 12:54:49.500   Successfully installed the file.
2026-09-10 12:54:49.500   -- File entry --
2026-09-10 12:54:49.500   Dest filename: C:\Program Files\POKROV\data\flutter_assets\packages\country_flags\res\si\bg.si
2026-09-10 12:54:49.500   Time stamp of our file: 2026-08-13 12:30:56.000
2026-09-10 12:54:49.500   Dest file exists.
2026-09-10 12:54:49.500   Time stamp of existing file: 2026-08-13 12:30:56.000
2026-09-10 12:54:49.500   Installing the file.
2026-09-10 12:54:49.502   Successfully installed the file.
2026-09-10 12:54:49.502   -- File entry --
2026-09-10 12:54:49.502   Dest filename: C:\Program Files\POKROV\data\flutter_assets\packages\country_flags\res\si\bh.si
2026-09-10 12:54:49.502   Time stamp of our file: 2026-08-13 12:30:56.000
2026-09-10 12:54:49.502   Dest file exists.
2026-09-10 12:54:49.502   Time stamp of existing file: 2026-08-13 12:30:56.000
2026-09-10 12:54:49.502   Installing the file.
2026-09-10 12:54:49.502   Successfully installed the file.
2026-09-10 12:54:49.502   -- File entry --
2026-09-10 12:54:49.504   Dest filename: C:\Program Files\POKROV\data\flutter_assets\packages\country_flags\res\si\bi.si
2026-09-10 12:54:49.504   Time stamp of our file: 2026-08-13 12:30:56.000
2026-09-10 12:54:49.504   Dest file exists.
2026-09-10 12:54:49.504   Time stamp of existing file: 2026-08-13 12:30:56.000
2026-09-10 12:54:49.504   Installing the file.
2026-09-10 12:54:49.504   Successfully installed the file.
2026-09-10 12:54:49.504   -- File entry --
2026-09-10 12:54:49.504   Dest filename: C:\Program Files\POKROV\data\flutter_assets\packages\country_flags\res\si\bj.si
2026-09-10 12:54:49.506   Time stamp of our file: 2026-08-13 12:30:56.000
2026-09-10 12:54:49.506   Dest file exists.
2026-09-10 12:54:49.506   Time stamp of existing file: 2026-08-13 12:30:56.000
2026-09-10 12:54:49.506   Installing the file.
2026-09-10 12:54:49.506   Successfully installed the file.
2026-09-10 12:54:49.506   -- File entry --
2026-09-10 12:54:49.506   Dest filename: C:\Program Files\POKROV\data\flutter_assets\packages\country_flags\res\si\bl.si
2026-09-10 12:54:49.506   Time stamp of our file: 2026-08-13 12:30:56.000
2026-09-10 12:54:49.506   Dest file exists.
2026-09-10 12:54:49.506   Time stamp of existing file: 2026-08-13 12:30:56.000
2026-09-10 12:54:49.506   Installing the file.
2026-09-10 12:54:49.508   Successfully installed the file.
2026-09-10 12:54:49.508   -- File entry --
2026-09-10 12:54:49.508   Dest filename: C:\Program Files\POKROV\data\flutter_assets\packages\country_flags\res\si\bm.si
2026-09-10 12:54:49.508   Time stamp of our file: 2026-08-13 12:30:56.000
2026-09-10 12:54:49.508   Dest file exists.
2026-09-10 12:54:49.508   Time stamp of existing file: 2026-08-13 12:30:56.000
2026-09-10 12:54:49.508   Installing the file.
2026-09-10 12:54:49.510   Successfully installed the file.
2026-09-10 12:54:49.510   -- File entry --
2026-09-10 12:54:49.510   Dest filename: C:\Program Files\POKROV\data\flutter_assets\packages\country_flags\res\si\bn.si
2026-09-10 12:54:49.510   Time stamp of our file: 2026-08-13 12:30:56.000
2026-09-10 12:54:49.510   Dest file exists.
2026-09-10 12:54:49.510   Time stamp of existing file: 2026-08-13 12:30:56.000
2026-09-10 12:54:49.510   Installing the file.
2026-09-10 12:54:49.512   Successfully installed the file.
2026-09-10 12:54:49.512   -- File entry --
2026-09-10 12:54:49.515   Dest filename: C:\Program Files\POKROV\data\flutter_assets\packages\country_flags\res\si\bo.si
2026-09-10 12:54:49.515   Time stamp of our file: 2026-08-13 12:30:56.000
2026-09-10 12:54:49.515   Dest file exists.
2026-09-10 12:54:49.515   Time stamp of existing file: 2026-08-13 12:30:56.000
2026-09-10 12:54:49.515   Installing the file.
2026-09-10 12:54:49.519   Successfully installed the file.
2026-09-10 12:54:49.519   -- File entry --
2026-09-10 12:54:49.519   Dest filename: C:\Program Files\POKROV\data\flutter_assets\packages\country_flags\res\si\bq.si
2026-09-10 12:54:49.519   Time stamp of our file: 2026-08-13 12:30:56.000
2026-09-10 12:54:49.519   Dest file exists.
2026-09-10 12:54:49.519   Time stamp of existing file: 2026-08-13 12:30:56.000
2026-09-10 12:54:49.519   Installing the file.
2026-09-10 12:54:49.522   Successfully installed the file.
2026-09-10 12:54:49.522   -- File entry --
2026-09-10 12:54:49.522   Dest filename: C:\Program Files\POKROV\data\flutter_assets\packages\country_flags\res\si\br.si
2026-09-10 12:54:49.522   Time stamp of our file: 2026-08-13 12:30:56.000
2026-09-10 12:54:49.522   Dest file exists.
2026-09-10 12:54:49.522   Time stamp of existing file: 2026-08-13 12:30:56.000
2026-09-10 12:54:49.522   Installing the file.
2026-09-10 12:54:49.524   Successfully installed the file.
2026-09-10 12:54:49.524   -- File entry --
2026-09-10 12:54:49.524   Dest filename: C:\Program Files\POKROV\data\flutter_assets\packages\country_flags\res\si\bs.si
2026-09-10 12:54:49.524   Time stamp of our file: 2026-08-13 12:30:56.000
2026-09-10 12:54:49.524   Dest file exists.
2026-09-10 12:54:49.524   Time stamp of existing file: 2026-08-13 12:30:56.000
2026-09-10 12:54:49.524   Installing the file.
2026-09-10 12:54:49.524   Successfully installed the file.
2026-09-10 12:54:49.524   -- File entry --
2026-09-10 12:54:49.524   Dest filename: C:\Program Files\POKROV\data\flutter_assets\packages\country_flags\res\si\bt.si
2026-09-10 12:54:49.524   Time stamp of our file: 2026-08-13 12:30:56.000
2026-09-10 12:54:49.524   Dest file exists.
2026-09-10 12:54:49.524   Time stamp of existing file: 2026-08-13 12:30:56.000
2026-09-10 12:54:49.524   Installing the file.
2026-09-10 12:54:49.527   Successfully installed the file.
2026-09-10 12:54:49.527   -- File entry --
2026-09-10 12:54:49.527   Dest filename: C:\Program Files\POKROV\data\flutter_assets\packages\country_flags\res\si\bv.si
2026-09-10 12:54:49.529   Time stamp of our file: 2026-08-13 12:30:56.000
2026-09-10 12:54:49.529   Dest file exists.
2026-09-10 12:54:49.529   Time stamp of existing file: 2026-08-13 12:30:56.000
2026-09-10 12:54:49.529   Installing the file.
2026-09-10 12:54:49.529   Successfully installed the file.
2026-09-10 12:54:49.529   -- File entry --
2026-09-10 12:54:49.530   Dest filename: C:\Program Files\POKROV\data\flutter_assets\packages\country_flags\res\si\bw.si
2026-09-10 12:54:49.530   Time stamp of our file: 2026-08-13 12:30:56.000
2026-09-10 12:54:49.530   Dest file exists.
2026-09-10 12:54:49.530   Time stamp of existing file: 2026-08-13 12:30:56.000
2026-09-10 12:54:49.530   Installing the file.
2026-09-10 12:54:49.530   Successfully installed the file.
2026-09-10 12:54:49.530   -- File entry --
2026-09-10 12:54:49.533   Dest filename: C:\Program Files\POKROV\data\flutter_assets\packages\country_flags\res\si\by.si
2026-09-10 12:54:49.533   Time stamp of our file: 2026-08-13 12:30:56.000
2026-09-10 12:54:49.533   Dest file exists.
2026-09-10 12:54:49.533   Time stamp of existing file: 2026-08-13 12:30:56.000
2026-09-10 12:54:49.533   Installing the file.
2026-09-10 12:54:49.533   Successfully installed the file.
2026-09-10 12:54:49.533   -- File entry --
2026-09-10 12:54:49.535   Dest filename: C:\Program Files\POKROV\data\flutter_assets\packages\country_flags\res\si\bz.si
2026-09-10 12:54:49.535   Time stamp of our file: 2026-08-13 12:30:56.000
2026-09-10 12:54:49.535   Dest file exists.
2026-09-10 12:54:49.535   Time stamp of existing file: 2026-08-13 12:30:56.000
2026-09-10 12:54:49.535   Installing the file.
2026-09-10 12:54:49.537   Successfully installed the file.
2026-09-10 12:54:49.537   -- File entry --
2026-09-10 12:54:49.537   Dest filename: C:\Program Files\POKROV\data\flutter_assets\packages\country_flags\res\si\ca.si
2026-09-10 12:54:49.537   Time stamp of our file: 2026-08-13 12:30:56.000
2026-09-10 12:54:49.537   Dest file exists.
2026-09-10 12:54:49.537   Time stamp of existing file: 2026-08-13 12:30:56.000
2026-09-10 12:54:49.537   Installing the file.
2026-09-10 12:54:49.539   Successfully installed the file.
2026-09-10 12:54:49.539   -- File entry --
2026-09-10 12:54:49.539   Dest filename: C:\Program Files\POKROV\data\flutter_assets\packages\country_flags\res\si\cc.si
2026-09-10 12:54:49.539   Time stamp of our file: 2026-08-13 12:30:56.000
2026-09-10 12:54:49.539   Dest file exists.
2026-09-10 12:54:49.539   Time stamp of existing file: 2026-08-13 12:30:56.000
2026-09-10 12:54:49.539   Installing the file.
2026-09-10 12:54:49.539   Successfully installed the file.
2026-09-10 12:54:49.541   -- File entry --
2026-09-10 12:54:49.541   Dest filename: C:\Program Files\POKROV\data\flutter_assets\packages\country_flags\res\si\cd.si
2026-09-10 12:54:49.541   Time stamp of our file: 2026-08-13 12:30:56.000
2026-09-10 12:54:49.541   Dest file exists.
2026-09-10 12:54:49.541   Time stamp of existing file: 2026-08-13 12:30:56.000
2026-09-10 12:54:49.541   Installing the file.
2026-09-10 12:54:49.541   Successfully installed the file.
2026-09-10 12:54:49.541   -- File entry --
2026-09-10 12:54:49.543   Dest filename: C:\Program Files\POKROV\data\flutter_assets\packages\country_flags\res\si\cefta.si
2026-09-10 12:54:49.543   Time stamp of our file: 2026-08-13 12:30:56.000
2026-09-10 12:54:49.543   Dest file exists.
2026-09-10 12:54:49.543   Time stamp of existing file: 2026-08-13 12:30:56.000
2026-09-10 12:54:49.543   Installing the file.
2026-09-10 12:54:49.543   Successfully installed the file.
2026-09-10 12:54:49.543   -- File entry --
2026-09-10 12:54:49.567   Dest filename: C:\Program Files\POKROV\data\flutter_assets\packages\country_flags\res\si\cf.si
2026-09-10 12:54:49.567   Time stamp of our file: 2026-08-13 12:30:56.000
2026-09-10 12:54:49.567   Dest file exists.
2026-09-10 12:54:49.567   Time stamp of existing file: 2026-08-13 12:30:56.000
2026-09-10 12:54:49.567   Installing the file.
2026-09-10 12:54:49.569   Successfully installed the file.
2026-09-10 12:54:49.569   -- File entry --
2026-09-10 12:54:49.569   Dest filename: C:\Program Files\POKROV\data\flutter_assets\packages\country_flags\res\si\cg.si
2026-09-10 12:54:49.569   Time stamp of our file: 2026-08-13 12:30:56.000
2026-09-10 12:54:49.569   Dest file exists.
2026-09-10 12:54:49.569   Time stamp of existing file: 2026-08-13 12:30:56.000
2026-09-10 12:54:49.569   Installing the file.
2026-09-10 12:54:49.571   Successfully installed the file.
2026-09-10 12:54:49.571   -- File entry --
2026-09-10 12:54:49.571   Dest filename: C:\Program Files\POKROV\data\flutter_assets\packages\country_flags\res\si\ch.si
2026-09-10 12:54:49.571   Time stamp of our file: 2026-08-13 12:30:56.000
2026-09-10 12:54:49.571   Dest file exists.
2026-09-10 12:54:49.571   Time stamp of existing file: 2026-08-13 12:30:56.000
2026-09-10 12:54:49.571   Installing the file.
2026-09-10 12:54:49.573   Successfully installed the file.
2026-09-10 12:54:49.573   -- File entry --
2026-09-10 12:54:49.573   Dest filename: C:\Program Files\POKROV\data\flutter_assets\packages\country_flags\res\si\ci.si
2026-09-10 12:54:49.573   Time stamp of our file: 2026-08-13 12:30:56.000
2026-09-10 12:54:49.573   Dest file exists.
2026-09-10 12:54:49.573   Time stamp of existing file: 2026-08-13 12:30:56.000
2026-09-10 12:54:49.573   Installing the file.
2026-09-10 12:54:49.573   Successfully installed the file.
2026-09-10 12:54:49.573   -- File entry --
2026-09-10 12:54:49.575   Dest filename: C:\Program Files\POKROV\data\flutter_assets\packages\country_flags\res\si\ck.si
2026-09-10 12:54:49.575   Time stamp of our file: 2026-08-13 12:30:56.000
2026-09-10 12:54:49.575   Dest file exists.
2026-09-10 12:54:49.575   Time stamp of existing file: 2026-08-13 12:30:56.000
2026-09-10 12:54:49.575   Installing the file.
2026-09-10 12:54:49.575   Successfully installed the file.
2026-09-10 12:54:49.575   -- File entry --
2026-09-10 12:54:49.575   Dest filename: C:\Program Files\POKROV\data\flutter_assets\packages\country_flags\res\si\cl.si
2026-09-10 12:54:49.575   Time stamp of our file: 2026-08-13 12:30:56.000
2026-09-10 12:54:49.575   Dest file exists.
2026-09-10 12:54:49.575   Time stamp of existing file: 2026-08-13 12:30:56.000
2026-09-10 12:54:49.575   Installing the file.
2026-09-10 12:54:49.575   Successfully installed the file.
2026-09-10 12:54:49.575   -- File entry --
2026-09-10 12:54:49.575   Dest filename: C:\Program Files\POKROV\data\flutter_assets\packages\country_flags\res\si\cm.si
2026-09-10 12:54:49.575   Time stamp of our file: 2026-08-13 12:30:56.000
2026-09-10 12:54:49.575   Dest file exists.
2026-09-10 12:54:49.575   Time stamp of existing file: 2026-08-13 12:30:56.000
2026-09-10 12:54:49.575   Installing the file.
2026-09-10 12:54:49.575   Successfully installed the file.
2026-09-10 12:54:49.575   -- File entry --
2026-09-10 12:54:49.575   Dest filename: C:\Program Files\POKROV\data\flutter_assets\packages\country_flags\res\si\cn.si
2026-09-10 12:54:49.575   Time stamp of our file: 2026-08-13 12:30:56.000
2026-09-10 12:54:49.575   Dest file exists.
2026-09-10 12:54:49.575   Time stamp of existing file: 2026-08-13 12:30:56.000
2026-09-10 12:54:49.575   Installing the file.
2026-09-10 12:54:49.575   Successfully installed the file.
2026-09-10 12:54:49.575   -- File entry --
2026-09-10 12:54:49.575   Dest filename: C:\Program Files\POKROV\data\flutter_assets\packages\country_flags\res\si\co.si
2026-09-10 12:54:49.582   Time stamp of our file: 2026-08-13 12:30:56.000
2026-09-10 12:54:49.582   Dest file exists.
2026-09-10 12:54:49.582   Time stamp of existing file: 2026-08-13 12:30:56.000
2026-09-10 12:54:49.582   Installing the file.
2026-09-10 12:54:49.583   Successfully installed the file.
2026-09-10 12:54:49.583   -- File entry --
2026-09-10 12:54:49.583   Dest filename: C:\Program Files\POKROV\data\flutter_assets\packages\country_flags\res\si\cp.si
2026-09-10 12:54:49.583   Time stamp of our file: 2026-08-13 12:30:56.000
2026-09-10 12:54:49.583   Dest file exists.
2026-09-10 12:54:49.583   Time stamp of existing file: 2026-08-13 12:30:56.000
2026-09-10 12:54:49.583   Installing the file.
2026-09-10 12:54:49.585   Successfully installed the file.
2026-09-10 12:54:49.585   -- File entry --
2026-09-10 12:54:49.585   Dest filename: C:\Program Files\POKROV\data\flutter_assets\packages\country_flags\res\si\cr.si
2026-09-10 12:54:49.585   Time stamp of our file: 2026-08-13 12:30:56.000
2026-09-10 12:54:49.585   Dest file exists.
2026-09-10 12:54:49.585   Time stamp of existing file: 2026-08-13 12:30:56.000
2026-09-10 12:54:49.585   Installing the file.
2026-09-10 12:54:49.585   Successfully installed the file.
2026-09-10 12:54:49.585   -- File entry --
2026-09-10 12:54:49.588   Dest filename: C:\Program Files\POKROV\data\flutter_assets\packages\country_flags\res\si\cu.si
2026-09-10 12:54:49.588   Time stamp of our file: 2026-08-13 12:30:56.000
2026-09-10 12:54:49.588   Dest file exists.
2026-09-10 12:54:49.588   Time stamp of existing file: 2026-08-13 12:30:56.000
2026-09-10 12:54:49.588   Installing the file.
2026-09-10 12:54:49.588   Successfully installed the file.
2026-09-10 12:54:49.588   -- File entry --
2026-09-10 12:54:49.588   Dest filename: C:\Program Files\POKROV\data\flutter_assets\packages\country_flags\res\si\cv.si
2026-09-10 12:54:49.588   Time stamp of our file: 2026-08-13 12:30:56.000
2026-09-10 12:54:49.588   Dest file exists.
2026-09-10 12:54:49.588   Time stamp of existing file: 2026-08-13 12:30:56.000
2026-09-10 12:54:49.588   Installing the file.
2026-09-10 12:54:49.590   Successfully installed the file.
2026-09-10 12:54:49.590   -- File entry --
2026-09-10 12:54:49.590   Dest filename: C:\Program Files\POKROV\data\flutter_assets\packages\country_flags\res\si\cw.si
2026-09-10 12:54:49.590   Time stamp of our file: 2026-08-13 12:30:56.000
2026-09-10 12:54:49.590   Dest file exists.
2026-09-10 12:54:49.590   Time stamp of existing file: 2026-08-13 12:30:56.000
2026-09-10 12:54:49.590   Installing the file.
2026-09-10 12:54:49.592   Successfully installed the file.
2026-09-10 12:54:49.592   -- File entry --
2026-09-10 12:54:49.592   Dest filename: C:\Program Files\POKROV\data\flutter_assets\packages\country_flags\res\si\cx.si
2026-09-10 12:54:49.592   Time stamp of our file: 2026-08-13 12:30:56.000
2026-09-10 12:54:49.592   Dest file exists.
2026-09-10 12:54:49.592   Time stamp of existing file: 2026-08-13 12:30:56.000
2026-09-10 12:54:49.592   Installing the file.
2026-09-10 12:54:49.592   Successfully installed the file.
2026-09-10 12:54:49.594   -- File entry --
2026-09-10 12:54:49.594   Dest filename: C:\Program Files\POKROV\data\flutter_assets\packages\country_flags\res\si\cy.si
2026-09-10 12:54:49.594   Time stamp of our file: 2026-08-13 12:30:56.000
2026-09-10 12:54:49.594   Dest file exists.
2026-09-10 12:54:49.594   Time stamp of existing file: 2026-08-13 12:30:56.000
2026-09-10 12:54:49.594   Installing the file.
2026-09-10 12:54:49.594   Successfully installed the file.
2026-09-10 12:54:49.594   -- File entry --
2026-09-10 12:54:49.596   Dest filename: C:\Program Files\POKROV\data\flutter_assets\packages\country_flags\res\si\cz.si
2026-09-10 12:54:49.596   Time stamp of our file: 2026-08-13 12:30:56.000
2026-09-10 12:54:49.596   Dest file exists.
2026-09-10 12:54:49.596   Time stamp of existing file: 2026-08-13 12:30:56.000
2026-09-10 12:54:49.596   Installing the file.
2026-09-10 12:54:49.596   Successfully installed the file.
2026-09-10 12:54:49.596   -- File entry --
2026-09-10 12:54:49.596   Dest filename: C:\Program Files\POKROV\data\flutter_assets\packages\country_flags\res\si\de.si
2026-09-10 12:54:49.596   Time stamp of our file: 2026-08-13 12:30:56.000
2026-09-10 12:54:49.596   Dest file exists.
2026-09-10 12:54:49.598   Time stamp of existing file: 2026-08-13 12:30:56.000
2026-09-10 12:54:49.598   Installing the file.
2026-09-10 12:54:49.598   Successfully installed the file.
2026-09-10 12:54:49.598   -- File entry --
2026-09-10 12:54:49.598   Dest filename: C:\Program Files\POKROV\data\flutter_assets\packages\country_flags\res\si\dg.si
2026-09-10 12:54:49.598   Time stamp of our file: 2026-08-13 12:30:56.000
2026-09-10 12:54:49.598   Dest file exists.
2026-09-10 12:54:49.598   Time stamp of existing file: 2026-08-13 12:30:56.000
2026-09-10 12:54:49.598   Installing the file.
2026-09-10 12:54:49.600   Successfully installed the file.
2026-09-10 12:54:49.600   -- File entry --
2026-09-10 12:54:49.600   Dest filename: C:\Program Files\POKROV\data\flutter_assets\packages\country_flags\res\si\dj.si
2026-09-10 12:54:49.600   Time stamp of our file: 2026-08-13 12:30:56.000
2026-09-10 12:54:49.600   Dest file exists.
2026-09-10 12:54:49.600   Time stamp of existing file: 2026-08-13 12:30:56.000
2026-09-10 12:54:49.600   Installing the file.
2026-09-10 12:54:49.600   Successfully installed the file.
2026-09-10 12:54:49.600   -- File entry --
2026-09-10 12:54:49.600   Dest filename: C:\Program Files\POKROV\data\flutter_assets\packages\country_flags\res\si\dk.si
2026-09-10 12:54:49.600   Time stamp of our file: 2026-08-13 12:30:56.000
2026-09-10 12:54:49.600   Dest file exists.
2026-09-10 12:54:49.600   Time stamp of existing file: 2026-08-13 12:30:56.000
2026-09-10 12:54:49.600   Installing the file.
2026-09-10 12:54:49.603   Successfully installed the file.
2026-09-10 12:54:49.603   -- File entry --
2026-09-10 12:54:49.603   Dest filename: C:\Program Files\POKROV\data\flutter_assets\packages\country_flags\res\si\dm.si
2026-09-10 12:54:49.603   Time stamp of our file: 2026-08-13 12:30:56.000
2026-09-10 12:54:49.603   Dest file exists.
2026-09-10 12:54:49.603   Time stamp of existing file: 2026-08-13 12:30:56.000
2026-09-10 12:54:49.603   Installing the file.
2026-09-10 12:54:49.605   Successfully installed the file.
2026-09-10 12:54:49.605   -- File entry --
2026-09-10 12:54:49.605   Dest filename: C:\Program Files\POKROV\data\flutter_assets\packages\country_flags\res\si\do.si
2026-09-10 12:54:49.605   Time stamp of our file: 2026-08-13 12:30:56.000
2026-09-10 12:54:49.605   Dest file exists.
2026-09-10 12:54:49.605   Time stamp of existing file: 2026-08-13 12:30:56.000
2026-09-10 12:54:49.605   Installing the file.
2026-09-10 12:54:49.610   Successfully installed the file.
2026-09-10 12:54:49.610   -- File entry --
2026-09-10 12:54:49.610   Dest filename: C:\Program Files\POKROV\data\flutter_assets\packages\country_flags\res\si\dz.si
2026-09-10 12:54:49.610   Time stamp of our file: 2026-08-13 12:30:56.000
2026-09-10 12:54:49.610   Dest file exists.
2026-09-10 12:54:49.610   Time stamp of existing file: 2026-08-13 12:30:56.000
2026-09-10 12:54:49.610   Installing the file.
2026-09-10 12:54:49.612   Successfully installed the file.
2026-09-10 12:54:49.612   -- File entry --
2026-09-10 12:54:49.612   Dest filename: C:\Program Files\POKROV\data\flutter_assets\packages\country_flags\res\si\ea.si
2026-09-10 12:54:49.612   Time stamp of our file: 2026-08-13 12:30:56.000
2026-09-10 12:54:49.612   Dest file exists.
2026-09-10 12:54:49.612   Time stamp of existing file: 2026-08-13 12:30:56.000
2026-09-10 12:54:49.612   Installing the file.
2026-09-10 12:54:49.616   Successfully installed the file.
2026-09-10 12:54:49.616   -- File entry --
2026-09-10 12:54:49.616   Dest filename: C:\Program Files\POKROV\data\flutter_assets\packages\country_flags\res\si\ec.si
2026-09-10 12:54:49.616   Time stamp of our file: 2026-08-13 12:30:56.000
2026-09-10 12:54:49.616   Dest file exists.
2026-09-10 12:54:49.616   Time stamp of existing file: 2026-08-13 12:30:56.000
2026-09-10 12:54:49.616   Installing the file.
2026-09-10 12:54:49.618   Successfully installed the file.
2026-09-10 12:54:49.618   -- File entry --
2026-09-10 12:54:49.618   Dest filename: C:\Program Files\POKROV\data\flutter_assets\packages\country_flags\res\si\ee.si
2026-09-10 12:54:49.618   Time stamp of our file: 2026-08-13 12:30:56.000
2026-09-10 12:54:49.618   Dest file exists.
2026-09-10 12:54:49.618   Time stamp of existing file: 2026-08-13 12:30:56.000
2026-09-10 12:54:49.618   Installing the file.
2026-09-10 12:54:49.618   Successfully installed the file.
2026-09-10 12:54:49.620   -- File entry --
2026-09-10 12:54:49.620   Dest filename: C:\Program Files\POKROV\data\flutter_assets\packages\country_flags\res\si\eg.si
2026-09-10 12:54:49.620   Time stamp of our file: 2026-08-13 12:30:56.000
2026-09-10 12:54:49.620   Dest file exists.
2026-09-10 12:54:49.620   Time stamp of existing file: 2026-08-13 12:30:56.000
2026-09-10 12:54:49.620   Installing the file.
2026-09-10 12:54:49.620   Successfully installed the file.
2026-09-10 12:54:49.622   -- File entry --
2026-09-10 12:54:49.622   Dest filename: C:\Program Files\POKROV\data\flutter_assets\packages\country_flags\res\si\eh.si
2026-09-10 12:54:49.622   Time stamp of our file: 2026-08-13 12:30:56.000
2026-09-10 12:54:49.622   Dest file exists.
2026-09-10 12:54:49.622   Time stamp of existing file: 2026-08-13 12:30:56.000
2026-09-10 12:54:49.622   Installing the file.
2026-09-10 12:54:49.622   Successfully installed the file.
2026-09-10 12:54:49.622   -- File entry --
2026-09-10 12:54:49.624   Dest filename: C:\Program Files\POKROV\data\flutter_assets\packages\country_flags\res\si\er.si
2026-09-10 12:54:49.624   Time stamp of our file: 2026-08-13 12:30:56.000
2026-09-10 12:54:49.624   Dest file exists.
2026-09-10 12:54:49.624   Time stamp of existing file: 2026-08-13 12:30:56.000
2026-09-10 12:54:49.624   Installing the file.
2026-09-10 12:54:49.624   Successfully installed the file.
2026-09-10 12:54:49.624   -- File entry --
2026-09-10 12:54:49.624   Dest filename: C:\Program Files\POKROV\data\flutter_assets\packages\country_flags\res\si\es-ct.si
2026-09-10 12:54:49.626   Time stamp of our file: 2026-08-13 12:30:56.000
2026-09-10 12:54:49.626   Dest file exists.
2026-09-10 12:54:49.626   Time stamp of existing file: 2026-08-13 12:30:56.000
2026-09-10 12:54:49.626   Installing the file.
2026-09-10 12:54:49.626   Successfully installed the file.
2026-09-10 12:54:49.626   -- File entry --
2026-09-10 12:54:49.626   Dest filename: C:\Program Files\POKROV\data\flutter_assets\packages\country_flags\res\si\es-ga.si
2026-09-10 12:54:49.626   Time stamp of our file: 2026-08-13 12:30:56.000
2026-09-10 12:54:49.626   Dest file exists.
2026-09-10 12:54:49.626   Time stamp of existing file: 2026-08-13 12:30:56.000
2026-09-10 12:54:49.626   Installing the file.
2026-09-10 12:54:49.630   Successfully installed the file.
2026-09-10 12:54:49.630   -- File entry --
2026-09-10 12:54:49.630   Dest filename: C:\Program Files\POKROV\data\flutter_assets\packages\country_flags\res\si\es.si
2026-09-10 12:54:49.630   Time stamp of our file: 2026-08-13 12:30:56.000
2026-09-10 12:54:49.630   Dest file exists.
2026-09-10 12:54:49.632   Time stamp of existing file: 2026-08-13 12:30:56.000
2026-09-10 12:54:49.632   Installing the file.
2026-09-10 12:54:49.632   Successfully installed the file.
2026-09-10 12:54:49.632   -- File entry --
2026-09-10 12:54:49.632   Dest filename: C:\Program Files\POKROV\data\flutter_assets\packages\country_flags\res\si\et.si
2026-09-10 12:54:49.632   Time stamp of our file: 2026-08-13 12:30:56.000
2026-09-10 12:54:49.632   Dest file exists.
2026-09-10 12:54:49.632   Time stamp of existing file: 2026-08-13 12:30:56.000
2026-09-10 12:54:49.632   Installing the file.
2026-09-10 12:54:49.634   Successfully installed the file.
2026-09-10 12:54:49.634   -- File entry --
2026-09-10 12:54:49.634   Dest filename: C:\Program Files\POKROV\data\flutter_assets\packages\country_flags\res\si\eu.si
2026-09-10 12:54:49.634   Time stamp of our file: 2026-08-13 12:30:56.000
2026-09-10 12:54:49.634   Dest file exists.
2026-09-10 12:54:49.634   Time stamp of existing file: 2026-08-13 12:30:56.000
2026-09-10 12:54:49.634   Installing the file.
2026-09-10 12:54:49.636   Successfully installed the file.
2026-09-10 12:54:49.636   -- File entry --
2026-09-10 12:54:49.636   Dest filename: C:\Program Files\POKROV\data\flutter_assets\packages\country_flags\res\si\fi.si
2026-09-10 12:54:49.636   Time stamp of our file: 2026-08-13 12:30:56.000
2026-09-10 12:54:49.636   Dest file exists.
2026-09-10 12:54:49.636   Time stamp of existing file: 2026-08-13 12:30:56.000
2026-09-10 12:54:49.636   Installing the file.
2026-09-10 12:54:49.636   Successfully installed the file.
2026-09-10 12:54:49.638   -- File entry --
2026-09-10 12:54:49.638   Dest filename: C:\Program Files\POKROV\data\flutter_assets\packages\country_flags\res\si\fj.si
2026-09-10 12:54:49.638   Time stamp of our file: 2026-08-13 12:30:56.000
2026-09-10 12:54:49.638   Dest file exists.
2026-09-10 12:54:49.638   Time stamp of existing file: 2026-08-13 12:30:56.000
2026-09-10 12:54:49.638   Installing the file.
2026-09-10 12:54:49.640   Successfully installed the file.
2026-09-10 12:54:49.640   -- File entry --
2026-09-10 12:54:49.640   Dest filename: C:\Program Files\POKROV\data\flutter_assets\packages\country_flags\res\si\fk.si
2026-09-10 12:54:49.640   Time stamp of our file: 2026-08-13 12:30:56.000
2026-09-10 12:54:49.640   Dest file exists.
2026-09-10 12:54:49.640   Time stamp of existing file: 2026-08-13 12:30:56.000
2026-09-10 12:54:49.640   Installing the file.
2026-09-10 12:54:49.642   Successfully installed the file.
2026-09-10 12:54:49.642   -- File entry --
2026-09-10 12:54:49.642   Dest filename: C:\Program Files\POKROV\data\flutter_assets\packages\country_flags\res\si\fm.si
2026-09-10 12:54:49.644   Time stamp of our file: 2026-08-13 12:30:56.000
2026-09-10 12:54:49.644   Dest file exists.
2026-09-10 12:54:49.644   Time stamp of existing file: 2026-08-13 12:30:56.000
2026-09-10 12:54:49.644   Installing the file.
2026-09-10 12:54:49.644   Successfully installed the file.
2026-09-10 12:54:49.644   -- File entry --
2026-09-10 12:54:49.644   Dest filename: C:\Program Files\POKROV\data\flutter_assets\packages\country_flags\res\si\fo.si
2026-09-10 12:54:49.644   Time stamp of our file: 2026-08-13 12:30:56.000
2026-09-10 12:54:49.644   Dest file exists.
2026-09-10 12:54:49.644   Time stamp of existing file: 2026-08-13 12:30:56.000
2026-09-10 12:54:49.644   Installing the file.
2026-09-10 12:54:49.646   Successfully installed the file.
2026-09-10 12:54:49.646   -- File entry --
2026-09-10 12:54:49.648   Dest filename: C:\Program Files\POKROV\data\flutter_assets\packages\country_flags\res\si\fr.si
2026-09-10 12:54:49.648   Time stamp of our file: 2026-08-13 12:30:56.000
2026-09-10 12:54:49.648   Dest file exists.
2026-09-10 12:54:49.648   Time stamp of existing file: 2026-08-13 12:30:56.000
2026-09-10 12:54:49.648   Installing the file.
2026-09-10 12:54:49.648   Successfully installed the file.
2026-09-10 12:54:49.648   -- File entry --
2026-09-10 12:54:49.648   Dest filename: C:\Program Files\POKROV\data\flutter_assets\packages\country_flags\res\si\ga.si
2026-09-10 12:54:49.650   Time stamp of our file: 2026-08-13 12:30:56.000
2026-09-10 12:54:49.650   Dest file exists.
2026-09-10 12:54:49.650   Time stamp of existing file: 2026-08-13 12:30:56.000
2026-09-10 12:54:49.650   Installing the file.
2026-09-10 12:54:49.650   Successfully installed the file.
2026-09-10 12:54:49.650   -- File entry --
2026-09-10 12:54:49.650   Dest filename: C:\Program Files\POKROV\data\flutter_assets\packages\country_flags\res\si\gb-eng.si
2026-09-10 12:54:49.650   Time stamp of our file: 2026-08-13 12:30:56.000
2026-09-10 12:54:49.650   Dest file exists.
2026-09-10 12:54:49.650   Time stamp of existing file: 2026-08-13 12:30:56.000
2026-09-10 12:54:49.650   Installing the file.
2026-09-10 12:54:49.652   Successfully installed the file.
2026-09-10 12:54:49.652   -- File entry --
2026-09-10 12:54:49.652   Dest filename: C:\Program Files\POKROV\data\flutter_assets\packages\country_flags\res\si\gb-nir.si
2026-09-10 12:54:49.652   Time stamp of our file: 2026-08-13 12:30:56.000
2026-09-10 12:54:49.652   Dest file exists.
2026-09-10 12:54:49.652   Time stamp of existing file: 2026-08-13 12:30:56.000
2026-09-10 12:54:49.652   Installing the file.
2026-09-10 12:54:49.655   Successfully installed the file.
2026-09-10 12:54:49.655   -- File entry --
2026-09-10 12:54:49.687   Dest filename: C:\Program Files\POKROV\data\flutter_assets\packages\country_flags\res\si\gb-sct.si
2026-09-10 12:54:49.689   Time stamp of our file: 2026-08-13 12:30:56.000
2026-09-10 12:54:49.689   Dest file exists.
2026-09-10 12:54:49.689   Time stamp of existing file: 2026-08-13 12:30:56.000
2026-09-10 12:54:49.689   Installing the file.
2026-09-10 12:54:49.693   Successfully installed the file.
2026-09-10 12:54:49.693   -- File entry --
2026-09-10 12:54:49.695   Dest filename: C:\Program Files\POKROV\data\flutter_assets\packages\country_flags\res\si\gb-wls.si
2026-09-10 12:54:49.697   Time stamp of our file: 2026-08-13 12:30:56.000
2026-09-10 12:54:49.697   Dest file exists.
2026-09-10 12:54:49.697   Time stamp of existing file: 2026-08-13 12:30:56.000
2026-09-10 12:54:49.697   Installing the file.
2026-09-10 12:54:49.699   Successfully installed the file.
2026-09-10 12:54:49.699   -- File entry --
2026-09-10 12:54:49.699   Dest filename: C:\Program Files\POKROV\data\flutter_assets\packages\country_flags\res\si\gb.si
2026-09-10 12:54:49.699   Time stamp of our file: 2026-08-13 12:30:56.000
2026-09-10 12:54:49.699   Dest file exists.
2026-09-10 12:54:49.699   Time stamp of existing file: 2026-08-13 12:30:56.000
2026-09-10 12:54:49.699   Installing the file.
2026-09-10 12:54:49.699   Successfully installed the file.
2026-09-10 12:54:49.699   -- File entry --
2026-09-10 12:54:49.701   Dest filename: C:\Program Files\POKROV\data\flutter_assets\packages\country_flags\res\si\gd.si
2026-09-10 12:54:49.701   Time stamp of our file: 2026-08-13 12:30:56.000
2026-09-10 12:54:49.701   Dest file exists.
2026-09-10 12:54:49.701   Time stamp of existing file: 2026-08-13 12:30:56.000
2026-09-10 12:54:49.701   Installing the file.
2026-09-10 12:54:49.701   Successfully installed the file.
2026-09-10 12:54:49.701   -- File entry --
2026-09-10 12:54:49.703   Dest filename: C:\Program Files\POKROV\data\flutter_assets\packages\country_flags\res\si\ge.si
2026-09-10 12:54:49.703   Time stamp of our file: 2026-08-13 12:30:56.000
2026-09-10 12:54:49.703   Dest file exists.
2026-09-10 12:54:49.703   Time stamp of existing file: 2026-08-13 12:30:56.000
2026-09-10 12:54:49.703   Installing the file.
2026-09-10 12:54:49.703   Successfully installed the file.
2026-09-10 12:54:49.705   -- File entry --
2026-09-10 12:54:49.705   Dest filename: C:\Program Files\POKROV\data\flutter_assets\packages\country_flags\res\si\gf.si
2026-09-10 12:54:49.705   Time stamp of our file: 2026-08-13 12:30:56.000
2026-09-10 12:54:49.705   Dest file exists.
2026-09-10 12:54:49.705   Time stamp of existing file: 2026-08-13 12:30:56.000
2026-09-10 12:54:49.705   Installing the file.
2026-09-10 12:54:49.705   Successfully installed the file.
2026-09-10 12:54:49.705   -- File entry --
2026-09-10 12:54:49.707   Dest filename: C:\Program Files\POKROV\data\flutter_assets\packages\country_flags\res\si\gg.si
2026-09-10 12:54:49.707   Time stamp of our file: 2026-08-13 12:30:56.000
2026-09-10 12:54:49.707   Dest file exists.
2026-09-10 12:54:49.707   Time stamp of existing file: 2026-08-13 12:30:56.000
2026-09-10 12:54:49.707   Installing the file.
2026-09-10 12:54:49.707   Successfully installed the file.
2026-09-10 12:54:49.707   -- File entry --
2026-09-10 12:54:49.707   Dest filename: C:\Program Files\POKROV\data\flutter_assets\packages\country_flags\res\si\gh.si
2026-09-10 12:54:49.707   Time stamp of our file: 2026-08-13 12:30:56.000
2026-09-10 12:54:49.707   Dest file exists.
2026-09-10 12:54:49.707   Time stamp of existing file: 2026-08-13 12:30:56.000
2026-09-10 12:54:49.707   Installing the file.
2026-09-10 12:54:49.710   Successfully installed the file.
2026-09-10 12:54:49.710   -- File entry --
2026-09-10 12:54:49.710   Dest filename: C:\Program Files\POKROV\data\flutter_assets\packages\country_flags\res\si\gi.si
2026-09-10 12:54:49.710   Time stamp of our file: 2026-08-13 12:30:56.000
2026-09-10 12:54:49.710   Dest file exists.
2026-09-10 12:54:49.710   Time stamp of existing file: 2026-08-13 12:30:56.000
2026-09-10 12:54:49.710   Installing the file.
2026-09-10 12:54:49.712   Successfully installed the file.
2026-09-10 12:54:49.712   -- File entry --
2026-09-10 12:54:49.712   Dest filename: C:\Program Files\POKROV\data\flutter_assets\packages\country_flags\res\si\gl.si
2026-09-10 12:54:49.712   Time stamp of our file: 2026-08-13 12:30:56.000
2026-09-10 12:54:49.712   Dest file exists.
2026-09-10 12:54:49.712   Time stamp of existing file: 2026-08-13 12:30:56.000
2026-09-10 12:54:49.712   Installing the file.
2026-09-10 12:54:49.714   Successfully installed the file.
2026-09-10 12:54:49.714   -- File entry --
2026-09-10 12:54:49.714   Dest filename: C:\Program Files\POKROV\data\flutter_assets\packages\country_flags\res\si\gm.si
2026-09-10 12:54:49.714   Time stamp of our file: 2026-08-13 12:30:56.000
2026-09-10 12:54:49.714   Dest file exists.
2026-09-10 12:54:49.714   Time stamp of existing file: 2026-08-13 12:30:56.000
2026-09-10 12:54:49.714   Installing the file.
2026-09-10 12:54:49.714   Successfully installed the file.
2026-09-10 12:54:49.716   -- File entry --
2026-09-10 12:54:49.716   Dest filename: C:\Program Files\POKROV\data\flutter_assets\packages\country_flags\res\si\gn.si
2026-09-10 12:54:49.716   Time stamp of our file: 2026-08-13 12:30:56.000
2026-09-10 12:54:49.716   Dest file exists.
2026-09-10 12:54:49.716   Time stamp of existing file: 2026-08-13 12:30:56.000
2026-09-10 12:54:49.716   Installing the file.
2026-09-10 12:54:49.716   Successfully installed the file.
2026-09-10 12:54:49.716   -- File entry --
2026-09-10 12:54:49.716   Dest filename: C:\Program Files\POKROV\data\flutter_assets\packages\country_flags\res\si\gp.si
2026-09-10 12:54:49.719   Time stamp of our file: 2026-08-13 12:30:56.000
2026-09-10 12:54:49.719   Dest file exists.
2026-09-10 12:54:49.719   Time stamp of existing file: 2026-08-13 12:30:56.000
2026-09-10 12:54:49.719   Installing the file.
2026-09-10 12:54:49.719   Successfully installed the file.
2026-09-10 12:54:49.719   -- File entry --
2026-09-10 12:54:49.719   Dest filename: C:\Program Files\POKROV\data\flutter_assets\packages\country_flags\res\si\gq.si
2026-09-10 12:54:49.719   Time stamp of our file: 2026-08-13 12:30:56.000
2026-09-10 12:54:49.719   Dest file exists.
2026-09-10 12:54:49.720   Time stamp of existing file: 2026-08-13 12:30:56.000
2026-09-10 12:54:49.720   Installing the file.
2026-09-10 12:54:49.720   Successfully installed the file.
2026-09-10 12:54:49.720   -- File entry --
2026-09-10 12:54:49.720   Dest filename: C:\Program Files\POKROV\data\flutter_assets\packages\country_flags\res\si\gr.si
2026-09-10 12:54:49.720   Time stamp of our file: 2026-08-13 12:30:56.000
2026-09-10 12:54:49.720   Dest file exists.
2026-09-10 12:54:49.720   Time stamp of existing file: 2026-08-13 12:30:56.000
2026-09-10 12:54:49.720   Installing the file.
2026-09-10 12:54:49.722   Successfully installed the file.
2026-09-10 12:54:49.722   -- File entry --
2026-09-10 12:54:49.722   Dest filename: C:\Program Files\POKROV\data\flutter_assets\packages\country_flags\res\si\gs.si
2026-09-10 12:54:49.722   Time stamp of our file: 2026-08-13 12:30:56.000
2026-09-10 12:54:49.722   Dest file exists.
2026-09-10 12:54:49.722   Time stamp of existing file: 2026-08-13 12:30:56.000
2026-09-10 12:54:49.722   Installing the file.
2026-09-10 12:54:49.724   Successfully installed the file.
2026-09-10 12:54:49.724   -- File entry --
2026-09-10 12:54:49.724   Dest filename: C:\Program Files\POKROV\data\flutter_assets\packages\country_flags\res\si\gt.si
2026-09-10 12:54:49.724   Time stamp of our file: 2026-08-13 12:30:56.000
2026-09-10 12:54:49.724   Dest file exists.
2026-09-10 12:54:49.724   Time stamp of existing file: 2026-08-13 12:30:56.000
2026-09-10 12:54:49.724   Installing the file.
2026-09-10 12:54:49.729   Successfully installed the file.
2026-09-10 12:54:49.729   -- File entry --
2026-09-10 12:54:49.729   Dest filename: C:\Program Files\POKROV\data\flutter_assets\packages\country_flags\res\si\gu.si
2026-09-10 12:54:49.729   Time stamp of our file: 2026-08-13 12:30:56.000
2026-09-10 12:54:49.729   Dest file exists.
2026-09-10 12:54:49.729   Time stamp of existing file: 2026-08-13 12:30:56.000
2026-09-10 12:54:49.729   Installing the file.
2026-09-10 12:54:49.729   Successfully installed the file.
2026-09-10 12:54:49.731   -- File entry --
2026-09-10 12:54:49.731   Dest filename: C:\Program Files\POKROV\data\flutter_assets\packages\country_flags\res\si\gw.si
2026-09-10 12:54:49.731   Time stamp of our file: 2026-08-13 12:30:56.000
2026-09-10 12:54:49.731   Dest file exists.
2026-09-10 12:54:49.731   Time stamp of existing file: 2026-08-13 12:30:56.000
2026-09-10 12:54:49.731   Installing the file.
2026-09-10 12:54:49.731   Successfully installed the file.
2026-09-10 12:54:49.731   -- File entry --
2026-09-10 12:54:49.733   Dest filename: C:\Program Files\POKROV\data\flutter_assets\packages\country_flags\res\si\gy.si
2026-09-10 12:54:49.733   Time stamp of our file: 2026-08-13 12:30:56.000
2026-09-10 12:54:49.733   Dest file exists.
2026-09-10 12:54:49.733   Time stamp of existing file: 2026-08-13 12:30:56.000
2026-09-10 12:54:49.733   Installing the file.
2026-09-10 12:54:49.733   Successfully installed the file.
2026-09-10 12:54:49.733   -- File entry --
2026-09-10 12:54:49.735   Dest filename: C:\Program Files\POKROV\data\flutter_assets\packages\country_flags\res\si\hk.si
2026-09-10 12:54:49.735   Time stamp of our file: 2026-08-13 12:30:56.000
2026-09-10 12:54:49.735   Dest file exists.
2026-09-10 12:54:49.735   Time stamp of existing file: 2026-08-13 12:30:56.000
2026-09-10 12:54:49.735   Installing the file.
2026-09-10 12:54:49.737   Successfully installed the file.
2026-09-10 12:54:49.737   -- File entry --
2026-09-10 12:54:49.737   Dest filename: C:\Program Files\POKROV\data\flutter_assets\packages\country_flags\res\si\hm.si
2026-09-10 12:54:49.737   Time stamp of our file: 2026-08-13 12:30:56.000
2026-09-10 12:54:49.737   Dest file exists.
2026-09-10 12:54:49.737   Time stamp of existing file: 2026-08-13 12:30:56.000
2026-09-10 12:54:49.737   Installing the file.
2026-09-10 12:54:49.737   Successfully installed the file.
2026-09-10 12:54:49.737   -- File entry --
2026-09-10 12:54:49.737   Dest filename: C:\Program Files\POKROV\data\flutter_assets\packages\country_flags\res\si\hn.si
2026-09-10 12:54:49.737   Time stamp of our file: 2026-08-13 12:30:56.000
2026-09-10 12:54:49.737   Dest file exists.
2026-09-10 12:54:49.739   Time stamp of existing file: 2026-08-13 12:30:56.000
2026-09-10 12:54:49.739   Installing the file.
2026-09-10 12:54:49.739   Successfully installed the file.
2026-09-10 12:54:49.739   -- File entry --
2026-09-10 12:54:49.739   Dest filename: C:\Program Files\POKROV\data\flutter_assets\packages\country_flags\res\si\hr.si
2026-09-10 12:54:49.739   Time stamp of our file: 2026-08-13 12:30:56.000
2026-09-10 12:54:49.739   Dest file exists.
2026-09-10 12:54:49.739   Time stamp of existing file: 2026-08-13 12:30:56.000
2026-09-10 12:54:49.739   Installing the file.
2026-09-10 12:54:49.741   Successfully installed the file.
2026-09-10 12:54:49.741   -- File entry --
2026-09-10 12:54:49.741   Dest filename: C:\Program Files\POKROV\data\flutter_assets\packages\country_flags\res\si\ht.si
2026-09-10 12:54:49.741   Time stamp of our file: 2026-08-13 12:30:56.000
2026-09-10 12:54:49.741   Dest file exists.
2026-09-10 12:54:49.741   Time stamp of existing file: 2026-08-13 12:30:56.000
2026-09-10 12:54:49.741   Installing the file.
2026-09-10 12:54:49.744   Successfully installed the file.
2026-09-10 12:54:49.744   -- File entry --
2026-09-10 12:54:49.744   Dest filename: C:\Program Files\POKROV\data\flutter_assets\packages\country_flags\res\si\hu.si
2026-09-10 12:54:49.744   Time stamp of our file: 2026-08-13 12:30:56.000
2026-09-10 12:54:49.744   Dest file exists.
2026-09-10 12:54:49.744   Time stamp of existing file: 2026-08-13 12:30:56.000
2026-09-10 12:54:49.744   Installing the file.
2026-09-10 12:54:49.746   Successfully installed the file.
2026-09-10 12:54:49.746   -- File entry --
2026-09-10 12:54:49.746   Dest filename: C:\Program Files\POKROV\data\flutter_assets\packages\country_flags\res\si\ic.si
2026-09-10 12:54:49.746   Time stamp of our file: 2026-08-13 12:30:56.000
2026-09-10 12:54:49.746   Dest file exists.
2026-09-10 12:54:49.746   Time stamp of existing file: 2026-08-13 12:30:56.000
2026-09-10 12:54:49.746   Installing the file.
2026-09-10 12:54:49.748   Successfully installed the file.
2026-09-10 12:54:49.748   -- File entry --
2026-09-10 12:54:49.748   Dest filename: C:\Program Files\POKROV\data\flutter_assets\packages\country_flags\res\si\id.si
2026-09-10 12:54:49.748   Time stamp of our file: 2026-08-13 12:30:56.000
2026-09-10 12:54:49.748   Dest file exists.
2026-09-10 12:54:49.748   Time stamp of existing file: 2026-08-13 12:30:56.000
2026-09-10 12:54:49.748   Installing the file.
2026-09-10 12:54:49.750   Successfully installed the file.
2026-09-10 12:54:49.750   -- File entry --
2026-09-10 12:54:49.750   Dest filename: C:\Program Files\POKROV\data\flutter_assets\packages\country_flags\res\si\ie.si
2026-09-10 12:54:49.750   Time stamp of our file: 2026-08-13 12:30:56.000
2026-09-10 12:54:49.750   Dest file exists.
2026-09-10 12:54:49.750   Time stamp of existing file: 2026-08-13 12:30:56.000
2026-09-10 12:54:49.750   Installing the file.
2026-09-10 12:54:49.750   Successfully installed the file.
2026-09-10 12:54:49.750   -- File entry --
2026-09-10 12:54:49.752   Dest filename: C:\Program Files\POKROV\data\flutter_assets\packages\country_flags\res\si\il.si
2026-09-10 12:54:49.752   Time stamp of our file: 2026-08-13 12:30:56.000
2026-09-10 12:54:49.752   Dest file exists.
2026-09-10 12:54:49.752   Time stamp of existing file: 2026-08-13 12:30:56.000
2026-09-10 12:54:49.752   Installing the file.
2026-09-10 12:54:49.752   Successfully installed the file.
2026-09-10 12:54:49.752   -- File entry --
2026-09-10 12:54:49.752   Dest filename: C:\Program Files\POKROV\data\flutter_assets\packages\country_flags\res\si\im.si
2026-09-10 12:54:49.752   Time stamp of our file: 2026-08-13 12:30:56.000
2026-09-10 12:54:49.752   Dest file exists.
2026-09-10 12:54:49.755   Time stamp of existing file: 2026-08-13 12:30:56.000
2026-09-10 12:54:49.755   Installing the file.
2026-09-10 12:54:49.755   Successfully installed the file.
2026-09-10 12:54:49.755   -- File entry --
2026-09-10 12:54:49.755   Dest filename: C:\Program Files\POKROV\data\flutter_assets\packages\country_flags\res\si\in.si
2026-09-10 12:54:49.755   Time stamp of our file: 2026-08-13 12:30:56.000
2026-09-10 12:54:49.755   Dest file exists.
2026-09-10 12:54:49.755   Time stamp of existing file: 2026-08-13 12:30:56.000
2026-09-10 12:54:49.755   Installing the file.
2026-09-10 12:54:49.757   Successfully installed the file.
2026-09-10 12:54:49.757   -- File entry --
2026-09-10 12:54:49.757   Dest filename: C:\Program Files\POKROV\data\flutter_assets\packages\country_flags\res\si\io.si
2026-09-10 12:54:49.757   Time stamp of our file: 2026-08-13 12:30:56.000
2026-09-10 12:54:49.757   Dest file exists.
2026-09-10 12:54:49.757   Time stamp of existing file: 2026-08-13 12:30:56.000
2026-09-10 12:54:49.757   Installing the file.
2026-09-10 12:54:49.759   Successfully installed the file.
2026-09-10 12:54:49.759   -- File entry --
2026-09-10 12:54:49.759   Dest filename: C:\Program Files\POKROV\data\flutter_assets\packages\country_flags\res\si\iq.si
2026-09-10 12:54:49.759   Time stamp of our file: 2026-08-13 12:30:56.000
2026-09-10 12:54:49.759   Dest file exists.
2026-09-10 12:54:49.759   Time stamp of existing file: 2026-08-13 12:30:56.000
2026-09-10 12:54:49.759   Installing the file.
2026-09-10 12:54:49.759   Successfully installed the file.
2026-09-10 12:54:49.761   -- File entry --
2026-09-10 12:54:49.761   Dest filename: C:\Program Files\POKROV\data\flutter_assets\packages\country_flags\res\si\ir.si
2026-09-10 12:54:49.761   Time stamp of our file: 2026-08-13 12:30:56.000
2026-09-10 12:54:49.761   Dest file exists.
2026-09-10 12:54:49.761   Time stamp of existing file: 2026-08-13 12:30:56.000
2026-09-10 12:54:49.761   Installing the file.
2026-09-10 12:54:49.761   Successfully installed the file.
2026-09-10 12:54:49.763   -- File entry --
2026-09-10 12:54:49.763   Dest filename: C:\Program Files\POKROV\data\flutter_assets\packages\country_flags\res\si\is.si
2026-09-10 12:54:49.763   Time stamp of our file: 2026-08-13 12:30:56.000
2026-09-10 12:54:49.763   Dest file exists.
2026-09-10 12:54:49.763   Time stamp of existing file: 2026-08-13 12:30:56.000
2026-09-10 12:54:49.763   Installing the file.
2026-09-10 12:54:49.763   Successfully installed the file.
2026-09-10 12:54:49.763   -- File entry --
2026-09-10 12:54:49.765   Dest filename: C:\Program Files\POKROV\data\flutter_assets\packages\country_flags\res\si\it.si
2026-09-10 12:54:49.765   Time stamp of our file: 2026-08-13 12:30:56.000
2026-09-10 12:54:49.765   Dest file exists.
2026-09-10 12:54:49.765   Time stamp of existing file: 2026-08-13 12:30:56.000
2026-09-10 12:54:49.765   Installing the file.
2026-09-10 12:54:49.765   Successfully installed the file.
2026-09-10 12:54:49.765   -- File entry --
2026-09-10 12:54:49.766   Dest filename: C:\Program Files\POKROV\data\flutter_assets\packages\country_flags\res\si\je.si
2026-09-10 12:54:49.766   Time stamp of our file: 2026-08-13 12:30:56.000
2026-09-10 12:54:49.766   Dest file exists.
2026-09-10 12:54:49.766   Time stamp of existing file: 2026-08-13 12:30:56.000
2026-09-10 12:54:49.766   Installing the file.
2026-09-10 12:54:49.768   Successfully installed the file.
2026-09-10 12:54:49.768   -- File entry --
2026-09-10 12:54:49.768   Dest filename: C:\Program Files\POKROV\data\flutter_assets\packages\country_flags\res\si\jm.si
2026-09-10 12:54:49.768   Time stamp of our file: 2026-08-13 12:30:56.000
2026-09-10 12:54:49.768   Dest file exists.
2026-09-10 12:54:49.768   Time stamp of existing file: 2026-08-13 12:30:56.000
2026-09-10 12:54:49.768   Installing the file.
2026-09-10 12:54:49.768   Successfully installed the file.
2026-09-10 12:54:49.768   -- File entry --
2026-09-10 12:54:49.768   Dest filename: C:\Program Files\POKROV\data\flutter_assets\packages\country_flags\res\si\jo.si
2026-09-10 12:54:49.768   Time stamp of our file: 2026-08-13 12:30:56.000
2026-09-10 12:54:49.768   Dest file exists.
2026-09-10 12:54:49.768   Time stamp of existing file: 2026-08-13 12:30:56.000
2026-09-10 12:54:49.768   Installing the file.
2026-09-10 12:54:49.771   Successfully installed the file.
2026-09-10 12:54:49.771   -- File entry --
2026-09-10 12:54:49.771   Dest filename: C:\Program Files\POKROV\data\flutter_assets\packages\country_flags\res\si\jp.si
2026-09-10 12:54:49.771   Time stamp of our file: 2026-08-13 12:30:56.000
2026-09-10 12:54:49.771   Dest file exists.
2026-09-10 12:54:49.771   Time stamp of existing file: 2026-08-13 12:30:56.000
2026-09-10 12:54:49.771   Installing the file.
2026-09-10 12:54:49.771   Successfully installed the file.
2026-09-10 12:54:49.771   -- File entry --
2026-09-10 12:54:49.774   Dest filename: C:\Program Files\POKROV\data\flutter_assets\packages\country_flags\res\si\ke.si
2026-09-10 12:54:49.774   Time stamp of our file: 2026-08-13 12:30:56.000
2026-09-10 12:54:49.774   Dest file exists.
2026-09-10 12:54:49.774   Time stamp of existing file: 2026-08-13 12:30:56.000
2026-09-10 12:54:49.774   Installing the file.
2026-09-10 12:54:49.774   Successfully installed the file.
2026-09-10 12:54:49.774   -- File entry --
2026-09-10 12:54:49.775   Dest filename: C:\Program Files\POKROV\data\flutter_assets\packages\country_flags\res\si\kg.si
2026-09-10 12:54:49.775   Time stamp of our file: 2026-08-13 12:30:56.000
2026-09-10 12:54:49.775   Dest file exists.
2026-09-10 12:54:49.775   Time stamp of existing file: 2026-08-13 12:30:56.000
2026-09-10 12:54:49.775   Installing the file.
2026-09-10 12:54:49.775   Successfully installed the file.
2026-09-10 12:54:49.775   -- File entry --
2026-09-10 12:54:49.775   Dest filename: C:\Program Files\POKROV\data\flutter_assets\packages\country_flags\res\si\kh.si
2026-09-10 12:54:49.778   Time stamp of our file: 2026-08-13 12:30:56.000
2026-09-10 12:54:49.778   Dest file exists.
2026-09-10 12:54:49.778   Time stamp of existing file: 2026-08-13 12:30:56.000
2026-09-10 12:54:49.778   Installing the file.
2026-09-10 12:54:49.778   Successfully installed the file.
2026-09-10 12:54:49.778   -- File entry --
2026-09-10 12:54:49.778   Dest filename: C:\Program Files\POKROV\data\flutter_assets\packages\country_flags\res\si\ki.si
2026-09-10 12:54:49.778   Time stamp of our file: 2026-08-13 12:30:56.000
2026-09-10 12:54:49.778   Dest file exists.
2026-09-10 12:54:49.778   Time stamp of existing file: 2026-08-13 12:30:56.000
2026-09-10 12:54:49.778   Installing the file.
2026-09-10 12:54:49.778   Successfully installed the file.
2026-09-10 12:54:49.778   -- File entry --
2026-09-10 12:54:49.791   Dest filename: C:\Program Files\POKROV\data\flutter_assets\packages\country_flags\res\si\km.si
2026-09-10 12:54:49.791   Time stamp of our file: 2026-08-13 12:30:56.000
2026-09-10 12:54:49.791   Dest file exists.
2026-09-10 12:54:49.791   Time stamp of existing file: 2026-08-13 12:30:56.000
2026-09-10 12:54:49.791   Installing the file.
2026-09-10 12:54:49.793   Successfully installed the file.
2026-09-10 12:54:49.793   -- File entry --
2026-09-10 12:54:49.793   Dest filename: C:\Program Files\POKROV\data\flutter_assets\packages\country_flags\res\si\kn.si
2026-09-10 12:54:49.793   Time stamp of our file: 2026-08-13 12:30:56.000
2026-09-10 12:54:49.793   Dest file exists.
2026-09-10 12:54:49.793   Time stamp of existing file: 2026-08-13 12:30:56.000
2026-09-10 12:54:49.793   Installing the file.
2026-09-10 12:54:49.793   Successfully installed the file.
2026-09-10 12:54:49.793   -- File entry --
2026-09-10 12:54:49.795   Dest filename: C:\Program Files\POKROV\data\flutter_assets\packages\country_flags\res\si\kp.si
2026-09-10 12:54:49.795   Time stamp of our file: 2026-08-13 12:30:56.000
2026-09-10 12:54:49.795   Dest file exists.
2026-09-10 12:54:49.795   Time stamp of existing file: 2026-08-13 12:30:56.000
2026-09-10 12:54:49.795   Installing the file.
2026-09-10 12:54:49.795   Successfully installed the file.
2026-09-10 12:54:49.795   -- File entry --
2026-09-10 12:54:49.797   Dest filename: C:\Program Files\POKROV\data\flutter_assets\packages\country_flags\res\si\kr.si
2026-09-10 12:54:49.797   Time stamp of our file: 2026-08-13 12:30:56.000
2026-09-10 12:54:49.797   Dest file exists.
2026-09-10 12:54:49.797   Time stamp of existing file: 2026-08-13 12:30:56.000
2026-09-10 12:54:49.797   Installing the file.
2026-09-10 12:54:49.797   Successfully installed the file.
2026-09-10 12:54:49.797   -- File entry --
2026-09-10 12:54:49.797   Dest filename: C:\Program Files\POKROV\data\flutter_assets\packages\country_flags\res\si\kw.si
2026-09-10 12:54:49.797   Time stamp of our file: 2026-08-13 12:30:56.000
2026-09-10 12:54:49.797   Dest file exists.
2026-09-10 12:54:49.797   Time stamp of existing file: 2026-08-13 12:30:56.000
2026-09-10 12:54:49.799   Installing the file.
2026-09-10 12:54:49.799   Successfully installed the file.
2026-09-10 12:54:49.799   -- File entry --
2026-09-10 12:54:49.799   Dest filename: C:\Program Files\POKROV\data\flutter_assets\packages\country_flags\res\si\ky.si
2026-09-10 12:54:49.799   Time stamp of our file: 2026-08-13 12:30:56.000
2026-09-10 12:54:49.799   Dest file exists.
2026-09-10 12:54:49.799   Time stamp of existing file: 2026-08-13 12:30:56.000
2026-09-10 12:54:49.799   Installing the file.
2026-09-10 12:54:49.801   Successfully installed the file.
2026-09-10 12:54:49.801   -- File entry --
2026-09-10 12:54:49.801   Dest filename: C:\Program Files\POKROV\data\flutter_assets\packages\country_flags\res\si\kz.si
2026-09-10 12:54:49.801   Time stamp of our file: 2026-08-13 12:30:56.000
2026-09-10 12:54:49.801   Dest file exists.
2026-09-10 12:54:49.801   Time stamp of existing file: 2026-08-13 12:30:56.000
2026-09-10 12:54:49.801   Installing the file.
2026-09-10 12:54:49.803   Successfully installed the file.
2026-09-10 12:54:49.803   -- File entry --
2026-09-10 12:54:49.803   Dest filename: C:\Program Files\POKROV\data\flutter_assets\packages\country_flags\res\si\la.si
2026-09-10 12:54:49.803   Time stamp of our file: 2026-08-13 12:30:56.000
2026-09-10 12:54:49.803   Dest file exists.
2026-09-10 12:54:49.803   Time stamp of existing file: 2026-08-13 12:30:56.000
2026-09-10 12:54:49.803   Installing the file.
2026-09-10 12:54:49.805   Successfully installed the file.
2026-09-10 12:54:49.805   -- File entry --
2026-09-10 12:54:49.805   Dest filename: C:\Program Files\POKROV\data\flutter_assets\packages\country_flags\res\si\lb.si
2026-09-10 12:54:49.805   Time stamp of our file: 2026-08-13 12:30:56.000
2026-09-10 12:54:49.805   Dest file exists.
2026-09-10 12:54:49.805   Time stamp of existing file: 2026-08-13 12:30:56.000
2026-09-10 12:54:49.805   Installing the file.
2026-09-10 12:54:49.808   Successfully installed the file.
2026-09-10 12:54:49.808   -- File entry --
2026-09-10 12:54:49.808   Dest filename: C:\Program Files\POKROV\data\flutter_assets\packages\country_flags\res\si\lc.si
2026-09-10 12:54:49.808   Time stamp of our file: 2026-08-13 12:30:56.000
2026-09-10 12:54:49.808   Dest file exists.
2026-09-10 12:54:49.808   Time stamp of existing file: 2026-08-13 12:30:56.000
2026-09-10 12:54:49.808   Installing the file.
2026-09-10 12:54:49.810   Successfully installed the file.
2026-09-10 12:54:49.810   -- File entry --
2026-09-10 12:54:49.810   Dest filename: C:\Program Files\POKROV\data\flutter_assets\packages\country_flags\res\si\li.si
2026-09-10 12:54:49.810   Time stamp of our file: 2026-08-13 12:30:56.000
2026-09-10 12:54:49.810   Dest file exists.
2026-09-10 12:54:49.810   Time stamp of existing file: 2026-08-13 12:30:56.000
2026-09-10 12:54:49.810   Installing the file.
2026-09-10 12:54:49.812   Successfully installed the file.
2026-09-10 12:54:49.812   -- File entry --
2026-09-10 12:54:49.812   Dest filename: C:\Program Files\POKROV\data\flutter_assets\packages\country_flags\res\si\lk.si
2026-09-10 12:54:49.812   Time stamp of our file: 2026-08-13 12:30:56.000
2026-09-10 12:54:49.812   Dest file exists.
2026-09-10 12:54:49.812   Time stamp of existing file: 2026-08-13 12:30:56.000
2026-09-10 12:54:49.812   Installing the file.
2026-09-10 12:54:49.812   Successfully installed the file.
2026-09-10 12:54:49.812   -- File entry --
2026-09-10 12:54:49.812   Dest filename: C:\Program Files\POKROV\data\flutter_assets\packages\country_flags\res\si\lr.si
2026-09-10 12:54:49.812   Time stamp of our file: 2026-08-13 12:30:56.000
2026-09-10 12:54:49.812   Dest file exists.
2026-09-10 12:54:49.812   Time stamp of existing file: 2026-08-13 12:30:56.000
2026-09-10 12:54:49.812   Installing the file.
2026-09-10 12:54:49.815   Successfully installed the file.
2026-09-10 12:54:49.815   -- File entry --
2026-09-10 12:54:49.815   Dest filename: C:\Program Files\POKROV\data\flutter_assets\packages\country_flags\res\si\ls.si
2026-09-10 12:54:49.815   Time stamp of our file: 2026-08-13 12:30:56.000
2026-09-10 12:54:49.815   Dest file exists.
2026-09-10 12:54:49.815   Time stamp of existing file: 2026-08-13 12:30:56.000
2026-09-10 12:54:49.817   Installing the file.
2026-09-10 12:54:49.817   Successfully installed the file.
2026-09-10 12:54:49.817   -- File entry --
2026-09-10 12:54:49.817   Dest filename: C:\Program Files\POKROV\data\flutter_assets\packages\country_flags\res\si\lt.si
2026-09-10 12:54:49.817   Time stamp of our file: 2026-08-13 12:30:56.000
2026-09-10 12:54:49.817   Dest file exists.
2026-09-10 12:54:49.817   Time stamp of existing file: 2026-08-13 12:30:56.000
2026-09-10 12:54:49.817   Installing the file.
2026-09-10 12:54:49.819   Successfully installed the file.
2026-09-10 12:54:49.819   -- File entry --
2026-09-10 12:54:49.819   Dest filename: C:\Program Files\POKROV\data\flutter_assets\packages\country_flags\res\si\lu.si
2026-09-10 12:54:49.819   Time stamp of our file: 2026-08-13 12:30:56.000
2026-09-10 12:54:49.819   Dest file exists.
2026-09-10 12:54:49.819   Time stamp of existing file: 2026-08-13 12:30:56.000
2026-09-10 12:54:49.819   Installing the file.
2026-09-10 12:54:49.819   Successfully installed the file.
2026-09-10 12:54:49.819   -- File entry --
2026-09-10 12:54:49.819   Dest filename: C:\Program Files\POKROV\data\flutter_assets\packages\country_flags\res\si\lv.si
2026-09-10 12:54:49.821   Time stamp of our file: 2026-08-13 12:30:56.000
2026-09-10 12:54:49.821   Dest file exists.
2026-09-10 12:54:49.821   Time stamp of existing file: 2026-08-13 12:30:56.000
2026-09-10 12:54:49.821   Installing the file.
2026-09-10 12:54:49.821   Successfully installed the file.
2026-09-10 12:54:49.821   -- File entry --
2026-09-10 12:54:49.821   Dest filename: C:\Program Files\POKROV\data\flutter_assets\packages\country_flags\res\si\ly.si
2026-09-10 12:54:49.821   Time stamp of our file: 2026-08-13 12:30:56.000
2026-09-10 12:54:49.821   Dest file exists.
2026-09-10 12:54:49.821   Time stamp of existing file: 2026-08-13 12:30:56.000
2026-09-10 12:54:49.821   Installing the file.
2026-09-10 12:54:49.823   Successfully installed the file.
2026-09-10 12:54:49.823   -- File entry --
2026-09-10 12:54:49.823   Dest filename: C:\Program Files\POKROV\data\flutter_assets\packages\country_flags\res\si\ma.si
2026-09-10 12:54:49.823   Time stamp of our file: 2026-08-13 12:30:56.000
2026-09-10 12:54:49.823   Dest file exists.
2026-09-10 12:54:49.823   Time stamp of existing file: 2026-08-13 12:30:56.000
2026-09-10 12:54:49.823   Installing the file.
2026-09-10 12:54:49.825   Successfully installed the file.
2026-09-10 12:54:49.825   -- File entry --
2026-09-10 12:54:49.825   Dest filename: C:\Program Files\POKROV\data\flutter_assets\packages\country_flags\res\si\mc.si
2026-09-10 12:54:49.825   Time stamp of our file: 2026-08-13 12:30:56.000
2026-09-10 12:54:49.825   Dest file exists.
2026-09-10 12:54:49.825   Time stamp of existing file: 2026-08-13 12:30:56.000
2026-09-10 12:54:49.825   Installing the file.
2026-09-10 12:54:49.825   Successfully installed the file.
2026-09-10 12:54:49.827   -- File entry --
2026-09-10 12:54:49.827   Dest filename: C:\Program Files\POKROV\data\flutter_assets\packages\country_flags\res\si\md.si
2026-09-10 12:54:49.827   Time stamp of our file: 2026-08-13 12:30:56.000
2026-09-10 12:54:49.827   Dest file exists.
2026-09-10 12:54:49.827   Time stamp of existing file: 2026-08-13 12:30:56.000
2026-09-10 12:54:49.827   Installing the file.
2026-09-10 12:54:49.827   Successfully installed the file.
2026-09-10 12:54:49.827   -- File entry --
2026-09-10 12:54:49.829   Dest filename: C:\Program Files\POKROV\data\flutter_assets\packages\country_flags\res\si\me.si
2026-09-10 12:54:49.829   Time stamp of our file: 2026-08-13 12:30:56.000
2026-09-10 12:54:49.829   Dest file exists.
2026-09-10 12:54:49.829   Time stamp of existing file: 2026-08-13 12:30:56.000
2026-09-10 12:54:49.829   Installing the file.
2026-09-10 12:54:49.831   Successfully installed the file.
2026-09-10 12:54:49.831   -- File entry --
2026-09-10 12:54:49.833   Dest filename: C:\Program Files\POKROV\data\flutter_assets\packages\country_flags\res\si\mf.si
2026-09-10 12:54:49.833   Time stamp of our file: 2026-08-13 12:30:56.000
2026-09-10 12:54:49.833   Dest file exists.
2026-09-10 12:54:49.833   Time stamp of existing file: 2026-08-13 12:30:56.000
2026-09-10 12:54:49.833   Installing the file.
2026-09-10 12:54:49.833   Successfully installed the file.
2026-09-10 12:54:49.833   -- File entry --
2026-09-10 12:54:49.833   Dest filename: C:\Program Files\POKROV\data\flutter_assets\packages\country_flags\res\si\mg.si
2026-09-10 12:54:49.835   Time stamp of our file: 2026-08-13 12:30:56.000
2026-09-10 12:54:49.835   Dest file exists.
2026-09-10 12:54:49.835   Time stamp of existing file: 2026-08-13 12:30:56.000
2026-09-10 12:54:49.835   Installing the file.
2026-09-10 12:54:49.835   Successfully installed the file.
2026-09-10 12:54:49.835   -- File entry --
2026-09-10 12:54:49.835   Dest filename: C:\Program Files\POKROV\data\flutter_assets\packages\country_flags\res\si\mh.si
2026-09-10 12:54:49.835   Time stamp of our file: 2026-08-13 12:30:56.000
2026-09-10 12:54:49.835   Dest file exists.
2026-09-10 12:54:49.835   Time stamp of existing file: 2026-08-13 12:30:56.000
2026-09-10 12:54:49.835   Installing the file.
2026-09-10 12:54:49.835   Successfully installed the file.
2026-09-10 12:54:49.835   -- File entry --
2026-09-10 12:54:49.838   Dest filename: C:\Program Files\POKROV\data\flutter_assets\packages\country_flags\res\si\mk.si
2026-09-10 12:54:49.838   Time stamp of our file: 2026-08-13 12:30:56.000
2026-09-10 12:54:49.838   Dest file exists.
2026-09-10 12:54:49.838   Time stamp of existing file: 2026-08-13 12:30:56.000
2026-09-10 12:54:49.838   Installing the file.
2026-09-10 12:54:49.839   Successfully installed the file.
2026-09-10 12:54:49.839   -- File entry --
2026-09-10 12:54:49.839   Dest filename: C:\Program Files\POKROV\data\flutter_assets\packages\country_flags\res\si\ml.si
2026-09-10 12:54:49.841   Time stamp of our file: 2026-08-13 12:30:56.000
2026-09-10 12:54:49.841   Dest file exists.
2026-09-10 12:54:49.841   Time stamp of existing file: 2026-08-13 12:30:56.000
2026-09-10 12:54:49.841   Installing the file.
2026-09-10 12:54:49.841   Successfully installed the file.
2026-09-10 12:54:49.841   -- File entry --
2026-09-10 12:54:49.841   Dest filename: C:\Program Files\POKROV\data\flutter_assets\packages\country_flags\res\si\mm.si
2026-09-10 12:54:49.841   Time stamp of our file: 2026-08-13 12:30:56.000
2026-09-10 12:54:49.841   Dest file exists.
2026-09-10 12:54:49.841   Time stamp of existing file: 2026-08-13 12:30:56.000
2026-09-10 12:54:49.841   Installing the file.
2026-09-10 12:54:49.843   Successfully installed the file.
2026-09-10 12:54:49.843   -- File entry --
2026-09-10 12:54:49.843   Dest filename: C:\Program Files\POKROV\data\flutter_assets\packages\country_flags\res\si\mn.si
2026-09-10 12:54:49.843   Time stamp of our file: 2026-08-13 12:30:56.000
2026-09-10 12:54:49.843   Dest file exists.
2026-09-10 12:54:49.843   Time stamp of existing file: 2026-08-13 12:30:56.000
2026-09-10 12:54:49.843   Installing the file.
2026-09-10 12:54:49.845   Successfully installed the file.
2026-09-10 12:54:49.845   -- File entry --
2026-09-10 12:54:49.845   Dest filename: C:\Program Files\POKROV\data\flutter_assets\packages\country_flags\res\si\mo.si
2026-09-10 12:54:49.845   Time stamp of our file: 2026-08-13 12:30:56.000
2026-09-10 12:54:49.845   Dest file exists.
2026-09-10 12:54:49.845   Time stamp of existing file: 2026-08-13 12:30:56.000
2026-09-10 12:54:49.845   Installing the file.
2026-09-10 12:54:49.845   Successfully installed the file.
2026-09-10 12:54:49.845   -- File entry --
2026-09-10 12:54:49.848   Dest filename: C:\Program Files\POKROV\data\flutter_assets\packages\country_flags\res\si\mp.si
2026-09-10 12:54:49.848   Time stamp of our file: 2026-08-13 12:30:56.000
2026-09-10 12:54:49.848   Dest file exists.
2026-09-10 12:54:49.848   Time stamp of existing file: 2026-08-13 12:30:56.000
2026-09-10 12:54:49.848   Installing the file.
2026-09-10 12:54:49.848   Successfully installed the file.
2026-09-10 12:54:49.848   -- File entry --
2026-09-10 12:54:49.850   Dest filename: C:\Program Files\POKROV\data\flutter_assets\packages\country_flags\res\si\mq.si
2026-09-10 12:54:49.850   Time stamp of our file: 2026-08-13 12:30:56.000
2026-09-10 12:54:49.850   Dest file exists.
2026-09-10 12:54:49.850   Time stamp of existing file: 2026-08-13 12:30:56.000
2026-09-10 12:54:49.850   Installing the file.
2026-09-10 12:54:49.850   Successfully installed the file.
2026-09-10 12:54:49.850   -- File entry --
2026-09-10 12:54:49.850   Dest filename: C:\Program Files\POKROV\data\flutter_assets\packages\country_flags\res\si\mr.si
2026-09-10 12:54:49.850   Time stamp of our file: 2026-08-13 12:30:56.000
2026-09-10 12:54:49.850   Dest file exists.
2026-09-10 12:54:49.850   Time stamp of existing file: 2026-08-13 12:30:56.000
2026-09-10 12:54:49.852   Installing the file.
2026-09-10 12:54:49.852   Successfully installed the file.
2026-09-10 12:54:49.852   -- File entry --
2026-09-10 12:54:49.852   Dest filename: C:\Program Files\POKROV\data\flutter_assets\packages\country_flags\res\si\ms.si
2026-09-10 12:54:49.852   Time stamp of our file: 2026-08-13 12:30:56.000
2026-09-10 12:54:49.852   Dest file exists.
2026-09-10 12:54:49.852   Time stamp of existing file: 2026-08-13 12:30:56.000
2026-09-10 12:54:49.852   Installing the file.
2026-09-10 12:54:49.854   Successfully installed the file.
2026-09-10 12:54:49.854   -- File entry --
2026-09-10 12:54:49.854   Dest filename: C:\Program Files\POKROV\data\flutter_assets\packages\country_flags\res\si\mt.si
2026-09-10 12:54:49.854   Time stamp of our file: 2026-08-13 12:30:56.000
2026-09-10 12:54:49.854   Dest file exists.
2026-09-10 12:54:49.854   Time stamp of existing file: 2026-08-13 12:30:56.000
2026-09-10 12:54:49.854   Installing the file.
2026-09-10 12:54:49.855   Successfully installed the file.
2026-09-10 12:54:49.855   -- File entry --
2026-09-10 12:54:49.855   Dest filename: C:\Program Files\POKROV\data\flutter_assets\packages\country_flags\res\si\mu.si
2026-09-10 12:54:49.855   Time stamp of our file: 2026-08-13 12:30:56.000
2026-09-10 12:54:49.855   Dest file exists.
2026-09-10 12:54:49.855   Time stamp of existing file: 2026-08-13 12:30:56.000
2026-09-10 12:54:49.855   Installing the file.
2026-09-10 12:54:49.855   Successfully installed the file.
2026-09-10 12:54:49.855   -- File entry --
2026-09-10 12:54:49.859   Dest filename: C:\Program Files\POKROV\data\flutter_assets\packages\country_flags\res\si\mv.si
2026-09-10 12:54:49.859   Time stamp of our file: 2026-08-13 12:30:56.000
2026-09-10 12:54:49.859   Dest file exists.
2026-09-10 12:54:49.859   Time stamp of existing file: 2026-08-13 12:30:56.000
2026-09-10 12:54:49.859   Installing the file.
2026-09-10 12:54:49.859   Successfully installed the file.
2026-09-10 12:54:49.859   -- File entry --
2026-09-10 12:54:49.859   Dest filename: C:\Program Files\POKROV\data\flutter_assets\packages\country_flags\res\si\mw.si
2026-09-10 12:54:49.859   Time stamp of our file: 2026-08-13 12:30:56.000
2026-09-10 12:54:49.859   Dest file exists.
2026-09-10 12:54:49.859   Time stamp of existing file: 2026-08-13 12:30:56.000
2026-09-10 12:54:49.859   Installing the file.
2026-09-10 12:54:49.859   Successfully installed the file.
2026-09-10 12:54:49.859   -- File entry --
2026-09-10 12:54:49.859   Dest filename: C:\Program Files\POKROV\data\flutter_assets\packages\country_flags\res\si\mx.si
2026-09-10 12:54:49.859   Time stamp of our file: 2026-08-13 12:30:56.000
2026-09-10 12:54:49.859   Dest file exists.
2026-09-10 12:54:49.859   Time stamp of existing file: 2026-08-13 12:30:56.000
2026-09-10 12:54:49.859   Installing the file.
2026-09-10 12:54:49.859   Successfully installed the file.
2026-09-10 12:54:49.859   -- File entry --
2026-09-10 12:54:49.859   Dest filename: C:\Program Files\POKROV\data\flutter_assets\packages\country_flags\res\si\my.si
2026-09-10 12:54:49.859   Time stamp of our file: 2026-08-13 12:30:56.000
2026-09-10 12:54:49.859   Dest file exists.
2026-09-10 12:54:49.859   Time stamp of existing file: 2026-08-13 12:30:56.000
2026-09-10 12:54:49.859   Installing the file.
2026-09-10 12:54:49.859   Successfully installed the file.
2026-09-10 12:54:49.859   -- File entry --
2026-09-10 12:54:49.859   Dest filename: C:\Program Files\POKROV\data\flutter_assets\packages\country_flags\res\si\mz.si
2026-09-10 12:54:49.859   Time stamp of our file: 2026-08-13 12:30:56.000
2026-09-10 12:54:49.859   Dest file exists.
2026-09-10 12:54:49.859   Time stamp of existing file: 2026-08-13 12:30:56.000
2026-09-10 12:54:49.859   Installing the file.
2026-09-10 12:54:49.859   Successfully installed the file.
2026-09-10 12:54:49.859   -- File entry --
2026-09-10 12:54:49.859   Dest filename: C:\Program Files\POKROV\data\flutter_assets\packages\country_flags\res\si\na.si
2026-09-10 12:54:49.859   Time stamp of our file: 2026-08-13 12:30:56.000
2026-09-10 12:54:49.859   Dest file exists.
2026-09-10 12:54:49.859   Time stamp of existing file: 2026-08-13 12:30:56.000
2026-09-10 12:54:49.859   Installing the file.
2026-09-10 12:54:49.859   Successfully installed the file.
2026-09-10 12:54:49.859   -- File entry --
2026-09-10 12:54:49.859   Dest filename: C:\Program Files\POKROV\data\flutter_assets\packages\country_flags\res\si\nc.si
2026-09-10 12:54:49.859   Time stamp of our file: 2026-08-13 12:30:56.000
2026-09-10 12:54:49.859   Dest file exists.
2026-09-10 12:54:49.859   Time stamp of existing file: 2026-08-13 12:30:56.000
2026-09-10 12:54:49.859   Installing the file.
2026-09-10 12:54:49.859   Successfully installed the file.
2026-09-10 12:54:49.859   -- File entry --
2026-09-10 12:54:49.859   Dest filename: C:\Program Files\POKROV\data\flutter_assets\packages\country_flags\res\si\ne.si
2026-09-10 12:54:49.859   Time stamp of our file: 2026-08-13 12:30:56.000
2026-09-10 12:54:49.859   Dest file exists.
2026-09-10 12:54:49.859   Time stamp of existing file: 2026-08-13 12:30:56.000
2026-09-10 12:54:49.859   Installing the file.
2026-09-10 12:54:49.895   Successfully installed the file.
2026-09-10 12:54:49.897   -- File entry --
2026-09-10 12:54:49.897   Dest filename: C:\Program Files\POKROV\data\flutter_assets\packages\country_flags\res\si\nf.si
2026-09-10 12:54:49.897   Time stamp of our file: 2026-08-13 12:30:56.000
2026-09-10 12:54:49.897   Dest file exists.
2026-09-10 12:54:49.897   Time stamp of existing file: 2026-08-13 12:30:56.000
2026-09-10 12:54:49.897   Installing the file.
2026-09-10 12:54:49.897   Successfully installed the file.
2026-09-10 12:54:49.899   -- File entry --
2026-09-10 12:54:49.899   Dest filename: C:\Program Files\POKROV\data\flutter_assets\packages\country_flags\res\si\ng.si
2026-09-10 12:54:49.899   Time stamp of our file: 2026-08-13 12:30:56.000
2026-09-10 12:54:49.899   Dest file exists.
2026-09-10 12:54:49.899   Time stamp of existing file: 2026-08-13 12:30:56.000
2026-09-10 12:54:49.899   Installing the file.
2026-09-10 12:54:49.899   Successfully installed the file.
2026-09-10 12:54:49.899   -- File entry --
2026-09-10 12:54:49.901   Dest filename: C:\Program Files\POKROV\data\flutter_assets\packages\country_flags\res\si\ni.si
2026-09-10 12:54:49.901   Time stamp of our file: 2026-08-13 12:30:56.000
2026-09-10 12:54:49.901   Dest file exists.
2026-09-10 12:54:49.901   Time stamp of existing file: 2026-08-13 12:30:56.000
2026-09-10 12:54:49.901   Installing the file.
2026-09-10 12:54:49.901   Successfully installed the file.
2026-09-10 12:54:49.901   -- File entry --
2026-09-10 12:54:49.903   Dest filename: C:\Program Files\POKROV\data\flutter_assets\packages\country_flags\res\si\nl.si
2026-09-10 12:54:49.903   Time stamp of our file: 2026-08-13 12:30:56.000
2026-09-10 12:54:49.903   Dest file exists.
2026-09-10 12:54:49.903   Time stamp of existing file: 2026-08-13 12:30:56.000
2026-09-10 12:54:49.903   Installing the file.
2026-09-10 12:54:49.903   Successfully installed the file.
2026-09-10 12:54:49.903   -- File entry --
2026-09-10 12:54:49.903   Dest filename: C:\Program Files\POKROV\data\flutter_assets\packages\country_flags\res\si\no.si
2026-09-10 12:54:49.903   Time stamp of our file: 2026-08-13 12:30:56.000
2026-09-10 12:54:49.903   Dest file exists.
2026-09-10 12:54:49.903   Time stamp of existing file: 2026-08-13 12:30:56.000
2026-09-10 12:54:49.905   Installing the file.
2026-09-10 12:54:49.905   Successfully installed the file.
2026-09-10 12:54:49.905   -- File entry --
2026-09-10 12:54:49.905   Dest filename: C:\Program Files\POKROV\data\flutter_assets\packages\country_flags\res\si\np.si
2026-09-10 12:54:49.905   Time stamp of our file: 2026-08-13 12:30:56.000
2026-09-10 12:54:49.905   Dest file exists.
2026-09-10 12:54:49.905   Time stamp of existing file: 2026-08-13 12:30:56.000
2026-09-10 12:54:49.905   Installing the file.
2026-09-10 12:54:49.907   Successfully installed the file.
2026-09-10 12:54:49.907   -- File entry --
2026-09-10 12:54:49.907   Dest filename: C:\Program Files\POKROV\data\flutter_assets\packages\country_flags\res\si\nr.si
2026-09-10 12:54:49.907   Time stamp of our file: 2026-08-13 12:30:56.000
2026-09-10 12:54:49.907   Dest file exists.
2026-09-10 12:54:49.907   Time stamp of existing file: 2026-08-13 12:30:56.000
2026-09-10 12:54:49.907   Installing the file.
2026-09-10 12:54:49.907   Successfully installed the file.
2026-09-10 12:54:49.909   -- File entry --
2026-09-10 12:54:49.909   Dest filename: C:\Program Files\POKROV\data\flutter_assets\packages\country_flags\res\si\nu.si
2026-09-10 12:54:49.909   Time stamp of our file: 2026-08-13 12:30:56.000
2026-09-10 12:54:49.909   Dest file exists.
2026-09-10 12:54:49.909   Time stamp of existing file: 2026-08-13 12:30:56.000
2026-09-10 12:54:49.909   Installing the file.
2026-09-10 12:54:49.909   Successfully installed the file.
2026-09-10 12:54:49.909   -- File entry --
2026-09-10 12:54:49.911   Dest filename: C:\Program Files\POKROV\data\flutter_assets\packages\country_flags\res\si\nz.si
2026-09-10 12:54:49.911   Time stamp of our file: 2026-08-13 12:30:56.000
2026-09-10 12:54:49.911   Dest file exists.
2026-09-10 12:54:49.911   Time stamp of existing file: 2026-08-13 12:30:56.000
2026-09-10 12:54:49.911   Installing the file.
2026-09-10 12:54:49.911   Successfully installed the file.
2026-09-10 12:54:49.913   -- File entry --
2026-09-10 12:54:49.913   Dest filename: C:\Program Files\POKROV\data\flutter_assets\packages\country_flags\res\si\om.si
2026-09-10 12:54:49.913   Time stamp of our file: 2026-08-13 12:30:56.000
2026-09-10 12:54:49.913   Dest file exists.
2026-09-10 12:54:49.913   Time stamp of existing file: 2026-08-13 12:30:56.000
2026-09-10 12:54:49.913   Installing the file.
2026-09-10 12:54:49.913   Successfully installed the file.
2026-09-10 12:54:49.915   -- File entry --
2026-09-10 12:54:49.915   Dest filename: C:\Program Files\POKROV\data\flutter_assets\packages\country_flags\res\si\pa.si
2026-09-10 12:54:49.915   Time stamp of our file: 2026-08-13 12:30:56.000
2026-09-10 12:54:49.915   Dest file exists.
2026-09-10 12:54:49.915   Time stamp of existing file: 2026-08-13 12:30:56.000
2026-09-10 12:54:49.915   Installing the file.
2026-09-10 12:54:49.915   Successfully installed the file.
2026-09-10 12:54:49.915   -- File entry --
2026-09-10 12:54:49.917   Dest filename: C:\Program Files\POKROV\data\flutter_assets\packages\country_flags\res\si\pe.si
2026-09-10 12:54:49.917   Time stamp of our file: 2026-08-13 12:30:56.000
2026-09-10 12:54:49.917   Dest file exists.
2026-09-10 12:54:49.917   Time stamp of existing file: 2026-08-13 12:30:56.000
2026-09-10 12:54:49.917   Installing the file.
2026-09-10 12:54:49.922   Successfully installed the file.
2026-09-10 12:54:49.922   -- File entry --
2026-09-10 12:54:49.922   Dest filename: C:\Program Files\POKROV\data\flutter_assets\packages\country_flags\res\si\pf.si
2026-09-10 12:54:49.922   Time stamp of our file: 2026-08-13 12:30:56.000
2026-09-10 12:54:49.922   Dest file exists.
2026-09-10 12:54:49.922   Time stamp of existing file: 2026-08-13 12:30:56.000
2026-09-10 12:54:49.922   Installing the file.
2026-09-10 12:54:49.924   Successfully installed the file.
2026-09-10 12:54:49.924   -- File entry --
2026-09-10 12:54:49.924   Dest filename: C:\Program Files\POKROV\data\flutter_assets\packages\country_flags\res\si\pg.si
2026-09-10 12:54:49.924   Time stamp of our file: 2026-08-13 12:30:56.000
2026-09-10 12:54:49.924   Dest file exists.
2026-09-10 12:54:49.924   Time stamp of existing file: 2026-08-13 12:30:56.000
2026-09-10 12:54:49.924   Installing the file.
2026-09-10 12:54:49.924   Successfully installed the file.
2026-09-10 12:54:49.924   -- File entry --
2026-09-10 12:54:49.926   Dest filename: C:\Program Files\POKROV\data\flutter_assets\packages\country_flags\res\si\ph.si
2026-09-10 12:54:49.926   Time stamp of our file: 2026-08-13 12:30:56.000
2026-09-10 12:54:49.926   Dest file exists.
2026-09-10 12:54:49.926   Time stamp of existing file: 2026-08-13 12:30:56.000
2026-09-10 12:54:49.926   Installing the file.
2026-09-10 12:54:49.927   Successfully installed the file.
2026-09-10 12:54:49.927   -- File entry --
2026-09-10 12:54:49.929   Dest filename: C:\Program Files\POKROV\data\flutter_assets\packages\country_flags\res\si\pk.si
2026-09-10 12:54:49.929   Time stamp of our file: 2026-08-13 12:30:56.000
2026-09-10 12:54:49.929   Dest file exists.
2026-09-10 12:54:49.929   Time stamp of existing file: 2026-08-13 12:30:56.000
2026-09-10 12:54:49.929   Installing the file.
2026-09-10 12:54:49.929   Successfully installed the file.
2026-09-10 12:54:49.929   -- File entry --
2026-09-10 12:54:49.929   Dest filename: C:\Program Files\POKROV\data\flutter_assets\packages\country_flags\res\si\pl.si
2026-09-10 12:54:49.931   Time stamp of our file: 2026-08-13 12:30:56.000
2026-09-10 12:54:49.931   Dest file exists.
2026-09-10 12:54:49.931   Time stamp of existing file: 2026-08-13 12:30:56.000
2026-09-10 12:54:49.931   Installing the file.
2026-09-10 12:54:49.931   Successfully installed the file.
2026-09-10 12:54:49.931   -- File entry --
2026-09-10 12:54:49.931   Dest filename: C:\Program Files\POKROV\data\flutter_assets\packages\country_flags\res\si\pm.si
2026-09-10 12:54:49.931   Time stamp of our file: 2026-08-13 12:30:56.000
2026-09-10 12:54:49.931   Dest file exists.
2026-09-10 12:54:49.931   Time stamp of existing file: 2026-08-13 12:30:56.000
2026-09-10 12:54:49.931   Installing the file.
2026-09-10 12:54:49.933   Successfully installed the file.
2026-09-10 12:54:49.933   -- File entry --
2026-09-10 12:54:49.933   Dest filename: C:\Program Files\POKROV\data\flutter_assets\packages\country_flags\res\si\pn.si
2026-09-10 12:54:49.933   Time stamp of our file: 2026-08-13 12:30:56.000
2026-09-10 12:54:49.933   Dest file exists.
2026-09-10 12:54:49.933   Time stamp of existing file: 2026-08-13 12:30:56.000
2026-09-10 12:54:49.933   Installing the file.
2026-09-10 12:54:49.935   Successfully installed the file.
2026-09-10 12:54:49.935   -- File entry --
2026-09-10 12:54:49.935   Dest filename: C:\Program Files\POKROV\data\flutter_assets\packages\country_flags\res\si\pr.si
2026-09-10 12:54:49.935   Time stamp of our file: 2026-08-13 12:30:56.000
2026-09-10 12:54:49.935   Dest file exists.
2026-09-10 12:54:49.935   Time stamp of existing file: 2026-08-13 12:30:56.000
2026-09-10 12:54:49.935   Installing the file.
2026-09-10 12:54:49.937   Successfully installed the file.
2026-09-10 12:54:49.937   -- File entry --
2026-09-10 12:54:49.937   Dest filename: C:\Program Files\POKROV\data\flutter_assets\packages\country_flags\res\si\ps.si
2026-09-10 12:54:49.937   Time stamp of our file: 2026-08-13 12:30:56.000
2026-09-10 12:54:49.937   Dest file exists.
2026-09-10 12:54:49.937   Time stamp of existing file: 2026-08-13 12:30:56.000
2026-09-10 12:54:49.937   Installing the file.
2026-09-10 12:54:49.937   Successfully installed the file.
2026-09-10 12:54:49.937   -- File entry --
2026-09-10 12:54:49.939   Dest filename: C:\Program Files\POKROV\data\flutter_assets\packages\country_flags\res\si\pt.si
2026-09-10 12:54:49.939   Time stamp of our file: 2026-08-13 12:30:56.000
2026-09-10 12:54:49.939   Dest file exists.
2026-09-10 12:54:49.939   Time stamp of existing file: 2026-08-13 12:30:56.000
2026-09-10 12:54:49.939   Installing the file.
2026-09-10 12:54:49.939   Successfully installed the file.
2026-09-10 12:54:49.939   -- File entry --
2026-09-10 12:54:49.941   Dest filename: C:\Program Files\POKROV\data\flutter_assets\packages\country_flags\res\si\pw.si
2026-09-10 12:54:49.941   Time stamp of our file: 2026-08-13 12:30:56.000
2026-09-10 12:54:49.941   Dest file exists.
2026-09-10 12:54:49.941   Time stamp of existing file: 2026-08-13 12:30:56.000
2026-09-10 12:54:49.941   Installing the file.
2026-09-10 12:54:49.941   Successfully installed the file.
2026-09-10 12:54:49.941   -- File entry --
2026-09-10 12:54:49.943   Dest filename: C:\Program Files\POKROV\data\flutter_assets\packages\country_flags\res\si\py.si
2026-09-10 12:54:49.943   Time stamp of our file: 2026-08-13 12:30:56.000
2026-09-10 12:54:49.943   Dest file exists.
2026-09-10 12:54:49.943   Time stamp of existing file: 2026-08-13 12:30:56.000
2026-09-10 12:54:49.943   Installing the file.
2026-09-10 12:54:49.945   Successfully installed the file.
2026-09-10 12:54:49.945   -- File entry --
2026-09-10 12:54:49.945   Dest filename: C:\Program Files\POKROV\data\flutter_assets\packages\country_flags\res\si\qa.si
2026-09-10 12:54:49.945   Time stamp of our file: 2026-08-13 12:30:56.000
2026-09-10 12:54:49.945   Dest file exists.
2026-09-10 12:54:49.945   Time stamp of existing file: 2026-08-13 12:30:56.000
2026-09-10 12:54:49.945   Installing the file.
2026-09-10 12:54:49.947   Successfully installed the file.
2026-09-10 12:54:49.947   -- File entry --
2026-09-10 12:54:49.947   Dest filename: C:\Program Files\POKROV\data\flutter_assets\packages\country_flags\res\si\re.si
2026-09-10 12:54:49.947   Time stamp of our file: 2026-08-13 12:30:56.000
2026-09-10 12:54:49.947   Dest file exists.
2026-09-10 12:54:49.947   Time stamp of existing file: 2026-08-13 12:30:56.000
2026-09-10 12:54:49.947   Installing the file.
2026-09-10 12:54:49.947   Successfully installed the file.
2026-09-10 12:54:49.947   -- File entry --
2026-09-10 12:54:49.947   Dest filename: C:\Program Files\POKROV\data\flutter_assets\packages\country_flags\res\si\ro.si
2026-09-10 12:54:49.947   Time stamp of our file: 2026-08-13 12:30:56.000
2026-09-10 12:54:49.947   Dest file exists.
2026-09-10 12:54:49.947   Time stamp of existing file: 2026-08-13 12:30:56.000
2026-09-10 12:54:49.947   Installing the file.
2026-09-10 12:54:49.951   Successfully installed the file.
2026-09-10 12:54:49.951   -- File entry --
2026-09-10 12:54:49.951   Dest filename: C:\Program Files\POKROV\data\flutter_assets\packages\country_flags\res\si\rs.si
2026-09-10 12:54:49.951   Time stamp of our file: 2026-08-13 12:30:56.000
2026-09-10 12:54:49.951   Dest file exists.
2026-09-10 12:54:49.951   Time stamp of existing file: 2026-08-13 12:30:56.000
2026-09-10 12:54:49.951   Installing the file.
2026-09-10 12:54:49.966   Successfully installed the file.
2026-09-10 12:54:49.966   -- File entry --
2026-09-10 12:54:49.966   Dest filename: C:\Program Files\POKROV\data\flutter_assets\packages\country_flags\res\si\ru.si
2026-09-10 12:54:49.966   Time stamp of our file: 2026-08-13 12:30:56.000
2026-09-10 12:54:49.966   Dest file exists.
2026-09-10 12:54:49.966   Time stamp of existing file: 2026-08-13 12:30:56.000
2026-09-10 12:54:49.966   Installing the file.
2026-09-10 12:54:49.968   Successfully installed the file.
2026-09-10 12:54:49.968   -- File entry --
2026-09-10 12:54:49.968   Dest filename: C:\Program Files\POKROV\data\flutter_assets\packages\country_flags\res\si\rw.si
2026-09-10 12:54:49.968   Time stamp of our file: 2026-08-13 12:30:56.000
2026-09-10 12:54:49.968   Dest file exists.
2026-09-10 12:54:49.968   Time stamp of existing file: 2026-08-13 12:30:56.000
2026-09-10 12:54:49.968   Installing the file.
2026-09-10 12:54:49.968   Successfully installed the file.
2026-09-10 12:54:49.968   -- File entry --
2026-09-10 12:54:49.970   Dest filename: C:\Program Files\POKROV\data\flutter_assets\packages\country_flags\res\si\sa.si
2026-09-10 12:54:49.970   Time stamp of our file: 2026-08-13 12:30:56.000
2026-09-10 12:54:49.970   Dest file exists.
2026-09-10 12:54:49.970   Time stamp of existing file: 2026-08-13 12:30:56.000
2026-09-10 12:54:49.970   Installing the file.
2026-09-10 12:54:49.970   Successfully installed the file.
2026-09-10 12:54:49.970   -- File entry --
2026-09-10 12:54:49.972   Dest filename: C:\Program Files\POKROV\data\flutter_assets\packages\country_flags\res\si\sb.si
2026-09-10 12:54:49.972   Time stamp of our file: 2026-08-13 12:30:56.000
2026-09-10 12:54:49.972   Dest file exists.
2026-09-10 12:54:49.972   Time stamp of existing file: 2026-08-13 12:30:56.000
2026-09-10 12:54:49.972   Installing the file.
2026-09-10 12:54:49.972   Successfully installed the file.
2026-09-10 12:54:49.972   -- File entry --
2026-09-10 12:54:49.972   Dest filename: C:\Program Files\POKROV\data\flutter_assets\packages\country_flags\res\si\sc.si
2026-09-10 12:54:49.972   Time stamp of our file: 2026-08-13 12:30:56.000
2026-09-10 12:54:49.972   Dest file exists.
2026-09-10 12:54:49.972   Time stamp of existing file: 2026-08-13 12:30:56.000
2026-09-10 12:54:49.972   Installing the file.
2026-09-10 12:54:49.974   Successfully installed the file.
2026-09-10 12:54:49.974   -- File entry --
2026-09-10 12:54:49.974   Dest filename: C:\Program Files\POKROV\data\flutter_assets\packages\country_flags\res\si\sd.si
2026-09-10 12:54:49.974   Time stamp of our file: 2026-08-13 12:30:56.000
2026-09-10 12:54:49.974   Dest file exists.
2026-09-10 12:54:49.974   Time stamp of existing file: 2026-08-13 12:30:56.000
2026-09-10 12:54:49.974   Installing the file.
2026-09-10 12:54:49.976   Successfully installed the file.
2026-09-10 12:54:49.976   -- File entry --
2026-09-10 12:54:49.978   Dest filename: C:\Program Files\POKROV\data\flutter_assets\packages\country_flags\res\si\se.si
2026-09-10 12:54:49.978   Time stamp of our file: 2026-08-13 12:30:56.000
2026-09-10 12:54:49.978   Dest file exists.
2026-09-10 12:54:49.978   Time stamp of existing file: 2026-08-13 12:30:56.000
2026-09-10 12:54:49.978   Installing the file.
2026-09-10 12:54:49.978   Successfully installed the file.
2026-09-10 12:54:49.978   -- File entry --
2026-09-10 12:54:49.978   Dest filename: C:\Program Files\POKROV\data\flutter_assets\packages\country_flags\res\si\sg.si
2026-09-10 12:54:49.978   Time stamp of our file: 2026-08-13 12:30:56.000
2026-09-10 12:54:49.978   Dest file exists.
2026-09-10 12:54:49.978   Time stamp of existing file: 2026-08-13 12:30:56.000
2026-09-10 12:54:49.978   Installing the file.
2026-09-10 12:54:49.980   Successfully installed the file.
2026-09-10 12:54:49.980   -- File entry --
2026-09-10 12:54:49.980   Dest filename: C:\Program Files\POKROV\data\flutter_assets\packages\country_flags\res\si\sh.si
2026-09-10 12:54:49.980   Time stamp of our file: 2026-08-13 12:30:56.000
2026-09-10 12:54:49.980   Dest file exists.
2026-09-10 12:54:49.980   Time stamp of existing file: 2026-08-13 12:30:56.000
2026-09-10 12:54:49.980   Installing the file.
2026-09-10 12:54:49.980   Successfully installed the file.
2026-09-10 12:54:49.980   -- File entry --
2026-09-10 12:54:49.980   Dest filename: C:\Program Files\POKROV\data\flutter_assets\packages\country_flags\res\si\si.si
2026-09-10 12:54:49.980   Time stamp of our file: 2026-08-13 12:30:56.000
2026-09-10 12:54:49.980   Dest file exists.
2026-09-10 12:54:49.980   Time stamp of existing file: 2026-08-13 12:30:56.000
2026-09-10 12:54:49.980   Installing the file.
2026-09-10 12:54:49.980   Successfully installed the file.
2026-09-10 12:54:49.980   -- File entry --
2026-09-10 12:54:49.980   Dest filename: C:\Program Files\POKROV\data\flutter_assets\packages\country_flags\res\si\sj.si
2026-09-10 12:54:49.980   Time stamp of our file: 2026-08-13 12:30:56.000
2026-09-10 12:54:49.980   Dest file exists.
2026-09-10 12:54:49.980   Time stamp of existing file: 2026-08-13 12:30:56.000
2026-09-10 12:54:49.980   Installing the file.
2026-09-10 12:54:49.980   Successfully installed the file.
2026-09-10 12:54:49.980   -- File entry --
2026-09-10 12:54:49.980   Dest filename: C:\Program Files\POKROV\data\flutter_assets\packages\country_flags\res\si\sk.si
2026-09-10 12:54:49.980   Time stamp of our file: 2026-08-13 12:30:56.000
2026-09-10 12:54:49.980   Dest file exists.
2026-09-10 12:54:49.980   Time stamp of existing file: 2026-08-13 12:30:56.000
2026-09-10 12:54:49.980   Installing the file.
2026-09-10 12:54:49.980   Successfully installed the file.
2026-09-10 12:54:49.980   -- File entry --
2026-09-10 12:54:49.980   Dest filename: C:\Program Files\POKROV\data\flutter_assets\packages\country_flags\res\si\sl.si
2026-09-10 12:54:49.980   Time stamp of our file: 2026-08-13 12:30:56.000
2026-09-10 12:54:49.980   Dest file exists.
2026-09-10 12:54:49.980   Time stamp of existing file: 2026-08-13 12:30:56.000
2026-09-10 12:54:49.980   Installing the file.
2026-09-10 12:54:50.002   Successfully installed the file.
2026-09-10 12:54:50.004   -- File entry --
2026-09-10 12:54:50.004   Dest filename: C:\Program Files\POKROV\data\flutter_assets\packages\country_flags\res\si\sm.si
2026-09-10 12:54:50.004   Time stamp of our file: 2026-08-13 12:30:56.000
2026-09-10 12:54:50.004   Dest file exists.
2026-09-10 12:54:50.004   Time stamp of existing file: 2026-08-13 12:30:56.000
2026-09-10 12:54:50.004   Installing the file.
2026-09-10 12:54:50.006   Successfully installed the file.
2026-09-10 12:54:50.006   -- File entry --
2026-09-10 12:54:50.006   Dest filename: C:\Program Files\POKROV\data\flutter_assets\packages\country_flags\res\si\sn.si
2026-09-10 12:54:50.006   Time stamp of our file: 2026-08-13 12:30:56.000
2026-09-10 12:54:50.006   Dest file exists.
2026-09-10 12:54:50.006   Time stamp of existing file: 2026-08-13 12:30:56.000
2026-09-10 12:54:50.006   Installing the file.
2026-09-10 12:54:50.006   Successfully installed the file.
2026-09-10 12:54:50.006   -- File entry --
2026-09-10 12:54:50.006   Dest filename: C:\Program Files\POKROV\data\flutter_assets\packages\country_flags\res\si\so.si
2026-09-10 12:54:50.006   Time stamp of our file: 2026-08-13 12:30:56.000
2026-09-10 12:54:50.006   Dest file exists.
2026-09-10 12:54:50.006   Time stamp of existing file: 2026-08-13 12:30:56.000
2026-09-10 12:54:50.006   Installing the file.
2026-09-10 12:54:50.009   Successfully installed the file.
2026-09-10 12:54:50.009   -- File entry --
2026-09-10 12:54:50.009   Dest filename: C:\Program Files\POKROV\data\flutter_assets\packages\country_flags\res\si\sr.si
2026-09-10 12:54:50.009   Time stamp of our file: 2026-08-13 12:30:56.000
2026-09-10 12:54:50.009   Dest file exists.
2026-09-10 12:54:50.009   Time stamp of existing file: 2026-08-13 12:30:56.000
2026-09-10 12:54:50.009   Installing the file.
2026-09-10 12:54:50.011   Successfully installed the file.
2026-09-10 12:54:50.011   -- File entry --
2026-09-10 12:54:50.011   Dest filename: C:\Program Files\POKROV\data\flutter_assets\packages\country_flags\res\si\ss.si
2026-09-10 12:54:50.011   Time stamp of our file: 2026-08-13 12:30:56.000
2026-09-10 12:54:50.011   Dest file exists.
2026-09-10 12:54:50.011   Time stamp of existing file: 2026-08-13 12:30:56.000
2026-09-10 12:54:50.011   Installing the file.
2026-09-10 12:54:50.011   Successfully installed the file.
2026-09-10 12:54:50.013   -- File entry --
2026-09-10 12:54:50.013   Dest filename: C:\Program Files\POKROV\data\flutter_assets\packages\country_flags\res\si\st.si
2026-09-10 12:54:50.013   Time stamp of our file: 2026-08-13 12:30:56.000
2026-09-10 12:54:50.013   Dest file exists.
2026-09-10 12:54:50.013   Time stamp of existing file: 2026-08-13 12:30:56.000
2026-09-10 12:54:50.013   Installing the file.
2026-09-10 12:54:50.013   Successfully installed the file.
2026-09-10 12:54:50.013   -- File entry --
2026-09-10 12:54:50.015   Dest filename: C:\Program Files\POKROV\data\flutter_assets\packages\country_flags\res\si\sv.si
2026-09-10 12:54:50.015   Time stamp of our file: 2026-08-13 12:30:56.000
2026-09-10 12:54:50.015   Dest file exists.
2026-09-10 12:54:50.015   Time stamp of existing file: 2026-08-13 12:30:56.000
2026-09-10 12:54:50.015   Installing the file.
2026-09-10 12:54:50.017   Successfully installed the file.
2026-09-10 12:54:50.017   -- File entry --
2026-09-10 12:54:50.017   Dest filename: C:\Program Files\POKROV\data\flutter_assets\packages\country_flags\res\si\sx.si
2026-09-10 12:54:50.017   Time stamp of our file: 2026-08-13 12:30:56.000
2026-09-10 12:54:50.019   Dest file exists.
2026-09-10 12:54:50.019   Time stamp of existing file: 2026-08-13 12:30:56.000
2026-09-10 12:54:50.019   Installing the file.
2026-09-10 12:54:50.019   Successfully installed the file.
2026-09-10 12:54:50.019   -- File entry --
2026-09-10 12:54:50.019   Dest filename: C:\Program Files\POKROV\data\flutter_assets\packages\country_flags\res\si\sy.si
2026-09-10 12:54:50.021   Time stamp of our file: 2026-08-13 12:30:56.000
2026-09-10 12:54:50.021   Dest file exists.
2026-09-10 12:54:50.021   Time stamp of existing file: 2026-08-13 12:30:56.000
2026-09-10 12:54:50.021   Installing the file.
2026-09-10 12:54:50.021   Successfully installed the file.
2026-09-10 12:54:50.021   -- File entry --
2026-09-10 12:54:50.021   Dest filename: C:\Program Files\POKROV\data\flutter_assets\packages\country_flags\res\si\sz.si
2026-09-10 12:54:50.021   Time stamp of our file: 2026-08-13 12:30:56.000
2026-09-10 12:54:50.021   Dest file exists.
2026-09-10 12:54:50.021   Time stamp of existing file: 2026-08-13 12:30:56.000
2026-09-10 12:54:50.021   Installing the file.
2026-09-10 12:54:50.023   Successfully installed the file.
2026-09-10 12:54:50.023   -- File entry --
2026-09-10 12:54:50.023   Dest filename: C:\Program Files\POKROV\data\flutter_assets\packages\country_flags\res\si\ta.si
2026-09-10 12:54:50.023   Time stamp of our file: 2026-08-13 12:30:56.000
2026-09-10 12:54:50.023   Dest file exists.
2026-09-10 12:54:50.023   Time stamp of existing file: 2026-08-13 12:30:56.000
2026-09-10 12:54:50.023   Installing the file.
2026-09-10 12:54:50.023   Successfully installed the file.
2026-09-10 12:54:50.026   -- File entry --
2026-09-10 12:54:50.026   Dest filename: C:\Program Files\POKROV\data\flutter_assets\packages\country_flags\res\si\tc.si
2026-09-10 12:54:50.026   Time stamp of our file: 2026-08-13 12:30:56.000
2026-09-10 12:54:50.026   Dest file exists.
2026-09-10 12:54:50.026   Time stamp of existing file: 2026-08-13 12:30:56.000
2026-09-10 12:54:50.026   Installing the file.
2026-09-10 12:54:50.026   Successfully installed the file.
2026-09-10 12:54:50.026   -- File entry --
2026-09-10 12:54:50.026   Dest filename: C:\Program Files\POKROV\data\flutter_assets\packages\country_flags\res\si\td.si
2026-09-10 12:54:50.026   Time stamp of our file: 2026-08-13 12:30:56.000
2026-09-10 12:54:50.026   Dest file exists.
2026-09-10 12:54:50.026   Time stamp of existing file: 2026-08-13 12:30:56.000
2026-09-10 12:54:50.026   Installing the file.
2026-09-10 12:54:50.029   Successfully installed the file.
2026-09-10 12:54:50.029   -- File entry --
2026-09-10 12:54:50.029   Dest filename: C:\Program Files\POKROV\data\flutter_assets\packages\country_flags\res\si\tf.si
2026-09-10 12:54:50.029   Time stamp of our file: 2026-08-13 12:30:56.000
2026-09-10 12:54:50.029   Dest file exists.
2026-09-10 12:54:50.029   Time stamp of existing file: 2026-08-13 12:30:56.000
2026-09-10 12:54:50.029   Installing the file.
2026-09-10 12:54:50.031   Successfully installed the file.
2026-09-10 12:54:50.031   -- File entry --
2026-09-10 12:54:50.031   Dest filename: C:\Program Files\POKROV\data\flutter_assets\packages\country_flags\res\si\tg.si
2026-09-10 12:54:50.031   Time stamp of our file: 2026-08-13 12:30:56.000
2026-09-10 12:54:50.031   Dest file exists.
2026-09-10 12:54:50.031   Time stamp of existing file: 2026-08-13 12:30:56.000
2026-09-10 12:54:50.031   Installing the file.
2026-09-10 12:54:50.031   Successfully installed the file.
2026-09-10 12:54:50.033   -- File entry --
2026-09-10 12:54:50.033   Dest filename: C:\Program Files\POKROV\data\flutter_assets\packages\country_flags\res\si\th.si
2026-09-10 12:54:50.033   Time stamp of our file: 2026-08-13 12:30:56.000
2026-09-10 12:54:50.033   Dest file exists.
2026-09-10 12:54:50.033   Time stamp of existing file: 2026-08-13 12:30:56.000
2026-09-10 12:54:50.033   Installing the file.
2026-09-10 12:54:50.033   Successfully installed the file.
2026-09-10 12:54:50.033   -- File entry --
2026-09-10 12:54:50.033   Dest filename: C:\Program Files\POKROV\data\flutter_assets\packages\country_flags\res\si\tj.si
2026-09-10 12:54:50.033   Time stamp of our file: 2026-08-13 12:30:56.000
2026-09-10 12:54:50.035   Dest file exists.
2026-09-10 12:54:50.035   Time stamp of existing file: 2026-08-13 12:30:56.000
2026-09-10 12:54:50.035   Installing the file.
2026-09-10 12:54:50.035   Successfully installed the file.
2026-09-10 12:54:50.035   -- File entry --
2026-09-10 12:54:50.035   Dest filename: C:\Program Files\POKROV\data\flutter_assets\packages\country_flags\res\si\tk.si
2026-09-10 12:54:50.035   Time stamp of our file: 2026-08-13 12:30:56.000
2026-09-10 12:54:50.035   Dest file exists.
2026-09-10 12:54:50.035   Time stamp of existing file: 2026-08-13 12:30:56.000
2026-09-10 12:54:50.035   Installing the file.
2026-09-10 12:54:50.037   Successfully installed the file.
2026-09-10 12:54:50.037   -- File entry --
2026-09-10 12:54:50.037   Dest filename: C:\Program Files\POKROV\data\flutter_assets\packages\country_flags\res\si\tl.si
2026-09-10 12:54:50.037   Time stamp of our file: 2026-08-13 12:30:56.000
2026-09-10 12:54:50.037   Dest file exists.
2026-09-10 12:54:50.037   Time stamp of existing file: 2026-08-13 12:30:56.000
2026-09-10 12:54:50.037   Installing the file.
2026-09-10 12:54:50.039   Successfully installed the file.
2026-09-10 12:54:50.039   -- File entry --
2026-09-10 12:54:50.039   Dest filename: C:\Program Files\POKROV\data\flutter_assets\packages\country_flags\res\si\tm.si
2026-09-10 12:54:50.039   Time stamp of our file: 2026-08-13 12:30:56.000
2026-09-10 12:54:50.039   Dest file exists.
2026-09-10 12:54:50.039   Time stamp of existing file: 2026-08-13 12:30:56.000
2026-09-10 12:54:50.039   Installing the file.
2026-09-10 12:54:50.041   Successfully installed the file.
2026-09-10 12:54:50.041   -- File entry --
2026-09-10 12:54:50.041   Dest filename: C:\Program Files\POKROV\data\flutter_assets\packages\country_flags\res\si\tn.si
2026-09-10 12:54:50.041   Time stamp of our file: 2026-08-13 12:30:56.000
2026-09-10 12:54:50.041   Dest file exists.
2026-09-10 12:54:50.041   Time stamp of existing file: 2026-08-13 12:30:56.000
2026-09-10 12:54:50.041   Installing the file.
2026-09-10 12:54:50.041   Successfully installed the file.
2026-09-10 12:54:50.043   -- File entry --
2026-09-10 12:54:50.043   Dest filename: C:\Program Files\POKROV\data\flutter_assets\packages\country_flags\res\si\to.si
2026-09-10 12:54:50.043   Time stamp of our file: 2026-08-13 12:30:56.000
2026-09-10 12:54:50.043   Dest file exists.
2026-09-10 12:54:50.043   Time stamp of existing file: 2026-08-13 12:30:56.000
2026-09-10 12:54:50.043   Installing the file.
2026-09-10 12:54:50.043   Successfully installed the file.
2026-09-10 12:54:50.043   -- File entry --
2026-09-10 12:54:50.045   Dest filename: C:\Program Files\POKROV\data\flutter_assets\packages\country_flags\res\si\tr.si
2026-09-10 12:54:50.045   Time stamp of our file: 2026-08-13 12:30:56.000
2026-09-10 12:54:50.045   Dest file exists.
2026-09-10 12:54:50.045   Time stamp of existing file: 2026-08-13 12:30:56.000
2026-09-10 12:54:50.045   Installing the file.
2026-09-10 12:54:50.045   Successfully installed the file.
2026-09-10 12:54:50.045   -- File entry --
2026-09-10 12:54:50.048   Dest filename: C:\Program Files\POKROV\data\flutter_assets\packages\country_flags\res\si\tt.si
2026-09-10 12:54:50.048   Time stamp of our file: 2026-08-13 12:30:56.000
2026-09-10 12:54:50.048   Dest file exists.
2026-09-10 12:54:50.048   Time stamp of existing file: 2026-08-13 12:30:56.000
2026-09-10 12:54:50.048   Installing the file.
2026-09-10 12:54:50.050   Successfully installed the file.
2026-09-10 12:54:50.050   -- File entry --
2026-09-10 12:54:50.050   Dest filename: C:\Program Files\POKROV\data\flutter_assets\packages\country_flags\res\si\tv.si
2026-09-10 12:54:50.050   Time stamp of our file: 2026-08-13 12:30:56.000
2026-09-10 12:54:50.050   Dest file exists.
2026-09-10 12:54:50.050   Time stamp of existing file: 2026-08-13 12:30:56.000
2026-09-10 12:54:50.050   Installing the file.
2026-09-10 12:54:50.050   Successfully installed the file.
2026-09-10 12:54:50.050   -- File entry --
2026-09-10 12:54:50.050   Dest filename: C:\Program Files\POKROV\data\flutter_assets\packages\country_flags\res\si\tw.si
2026-09-10 12:54:50.050   Time stamp of our file: 2026-08-13 12:30:56.000
2026-09-10 12:54:50.050   Dest file exists.
2026-09-10 12:54:50.050   Time stamp of existing file: 2026-08-13 12:30:56.000
2026-09-10 12:54:50.050   Installing the file.
2026-09-10 12:54:50.050   Successfully installed the file.
2026-09-10 12:54:50.050   -- File entry --
2026-09-10 12:54:50.054   Dest filename: C:\Program Files\POKROV\data\flutter_assets\packages\country_flags\res\si\tz.si
2026-09-10 12:54:50.054   Time stamp of our file: 2026-08-13 12:30:56.000
2026-09-10 12:54:50.054   Dest file exists.
2026-09-10 12:54:50.054   Time stamp of existing file: 2026-08-13 12:30:56.000
2026-09-10 12:54:50.054   Installing the file.
2026-09-10 12:54:50.054   Successfully installed the file.
2026-09-10 12:54:50.054   -- File entry --
2026-09-10 12:54:50.054   Dest filename: C:\Program Files\POKROV\data\flutter_assets\packages\country_flags\res\si\ua.si
2026-09-10 12:54:50.054   Time stamp of our file: 2026-08-13 12:30:56.000
2026-09-10 12:54:50.054   Dest file exists.
2026-09-10 12:54:50.054   Time stamp of existing file: 2026-08-13 12:30:56.000
2026-09-10 12:54:50.054   Installing the file.
2026-09-10 12:54:50.054   Successfully installed the file.
2026-09-10 12:54:50.054   -- File entry --
2026-09-10 12:54:50.057   Dest filename: C:\Program Files\POKROV\data\flutter_assets\packages\country_flags\res\si\ug.si
2026-09-10 12:54:50.057   Time stamp of our file: 2026-08-13 12:30:56.000
2026-09-10 12:54:50.057   Dest file exists.
2026-09-10 12:54:50.057   Time stamp of existing file: 2026-08-13 12:30:56.000
2026-09-10 12:54:50.057   Installing the file.
2026-09-10 12:54:50.057   Successfully installed the file.
2026-09-10 12:54:50.057   -- File entry --
2026-09-10 12:54:50.057   Dest filename: C:\Program Files\POKROV\data\flutter_assets\packages\country_flags\res\si\um.si
2026-09-10 12:54:50.057   Time stamp of our file: 2026-08-13 12:30:56.000
2026-09-10 12:54:50.057   Dest file exists.
2026-09-10 12:54:50.057   Time stamp of existing file: 2026-08-13 12:30:56.000
2026-09-10 12:54:50.059   Installing the file.
2026-09-10 12:54:50.059   Successfully installed the file.
2026-09-10 12:54:50.062   -- File entry --
2026-09-10 12:54:50.062   Dest filename: C:\Program Files\POKROV\data\flutter_assets\packages\country_flags\res\si\un.si
2026-09-10 12:54:50.078   Time stamp of our file: 2026-08-13 12:30:56.000
2026-09-10 12:54:50.078   Dest file exists.
2026-09-10 12:54:50.078   Time stamp of existing file: 2026-08-13 12:30:56.000
2026-09-10 12:54:50.078   Installing the file.
2026-09-10 12:54:50.080   Successfully installed the file.
2026-09-10 12:54:50.080   -- File entry --
2026-09-10 12:54:50.080   Dest filename: C:\Program Files\POKROV\data\flutter_assets\packages\country_flags\res\si\us.si
2026-09-10 12:54:50.080   Time stamp of our file: 2026-08-13 12:30:56.000
2026-09-10 12:54:50.080   Dest file exists.
2026-09-10 12:54:50.080   Time stamp of existing file: 2026-08-13 12:30:56.000
2026-09-10 12:54:50.080   Installing the file.
2026-09-10 12:54:50.082   Successfully installed the file.
2026-09-10 12:54:50.082   -- File entry --
2026-09-10 12:54:50.082   Dest filename: C:\Program Files\POKROV\data\flutter_assets\packages\country_flags\res\si\uy.si
2026-09-10 12:54:50.082   Time stamp of our file: 2026-08-13 12:30:56.000
2026-09-10 12:54:50.082   Dest file exists.
2026-09-10 12:54:50.082   Time stamp of existing file: 2026-08-13 12:30:56.000
2026-09-10 12:54:50.082   Installing the file.
2026-09-10 12:54:50.084   Successfully installed the file.
2026-09-10 12:54:50.084   -- File entry --
2026-09-10 12:54:50.084   Dest filename: C:\Program Files\POKROV\data\flutter_assets\packages\country_flags\res\si\uz.si
2026-09-10 12:54:50.084   Time stamp of our file: 2026-08-13 12:30:56.000
2026-09-10 12:54:50.084   Dest file exists.
2026-09-10 12:54:50.084   Time stamp of existing file: 2026-08-13 12:30:56.000
2026-09-10 12:54:50.084   Installing the file.
2026-09-10 12:54:50.084   Successfully installed the file.
2026-09-10 12:54:50.086   -- File entry --
2026-09-10 12:54:50.086   Dest filename: C:\Program Files\POKROV\data\flutter_assets\packages\country_flags\res\si\va.si
2026-09-10 12:54:50.086   Time stamp of our file: 2026-08-13 12:30:56.000
2026-09-10 12:54:50.086   Dest file exists.
2026-09-10 12:54:50.086   Time stamp of existing file: 2026-08-13 12:30:56.000
2026-09-10 12:54:50.086   Installing the file.
2026-09-10 12:54:50.086   Successfully installed the file.
2026-09-10 12:54:50.088   -- File entry --
2026-09-10 12:54:50.088   Dest filename: C:\Program Files\POKROV\data\flutter_assets\packages\country_flags\res\si\vc.si
2026-09-10 12:54:50.088   Time stamp of our file: 2026-08-13 12:30:56.000
2026-09-10 12:54:50.088   Dest file exists.
2026-09-10 12:54:50.088   Time stamp of existing file: 2026-08-13 12:30:56.000
2026-09-10 12:54:50.088   Installing the file.
2026-09-10 12:54:50.088   Successfully installed the file.
2026-09-10 12:54:50.088   -- File entry --
2026-09-10 12:54:50.090   Dest filename: C:\Program Files\POKROV\data\flutter_assets\packages\country_flags\res\si\ve.si
2026-09-10 12:54:50.090   Time stamp of our file: 2026-08-13 12:30:56.000
2026-09-10 12:54:50.090   Dest file exists.
2026-09-10 12:54:50.090   Time stamp of existing file: 2026-08-13 12:30:56.000
2026-09-10 12:54:50.090   Installing the file.
2026-09-10 12:54:50.090   Successfully installed the file.
2026-09-10 12:54:50.090   -- File entry --
2026-09-10 12:54:50.090   Dest filename: C:\Program Files\POKROV\data\flutter_assets\packages\country_flags\res\si\vg.si
2026-09-10 12:54:50.090   Time stamp of our file: 2026-08-13 12:30:56.000
2026-09-10 12:54:50.090   Dest file exists.
2026-09-10 12:54:50.090   Time stamp of existing file: 2026-08-13 12:30:56.000
2026-09-10 12:54:50.090   Installing the file.
2026-09-10 12:54:50.092   Successfully installed the file.
2026-09-10 12:54:50.092   -- File entry --
2026-09-10 12:54:50.092   Dest filename: C:\Program Files\POKROV\data\flutter_assets\packages\country_flags\res\si\vi.si
2026-09-10 12:54:50.092   Time stamp of our file: 2026-08-13 12:30:56.000
2026-09-10 12:54:50.092   Dest file exists.
2026-09-10 12:54:50.092   Time stamp of existing file: 2026-08-13 12:30:56.000
2026-09-10 12:54:50.092   Installing the file.
2026-09-10 12:54:50.095   Successfully installed the file.
2026-09-10 12:54:50.095   -- File entry --
2026-09-10 12:54:50.095   Dest filename: C:\Program Files\POKROV\data\flutter_assets\packages\country_flags\res\si\vn.si
2026-09-10 12:54:50.095   Time stamp of our file: 2026-08-13 12:30:56.000
2026-09-10 12:54:50.095   Dest file exists.
2026-09-10 12:54:50.097   Time stamp of existing file: 2026-08-13 12:30:56.000
2026-09-10 12:54:50.097   Installing the file.
2026-09-10 12:54:50.097   Successfully installed the file.
2026-09-10 12:54:50.097   -- File entry --
2026-09-10 12:54:50.097   Dest filename: C:\Program Files\POKROV\data\flutter_assets\packages\country_flags\res\si\vu.si
2026-09-10 12:54:50.097   Time stamp of our file: 2026-08-13 12:30:56.000
2026-09-10 12:54:50.097   Dest file exists.
2026-09-10 12:54:50.097   Time stamp of existing file: 2026-08-13 12:30:56.000
2026-09-10 12:54:50.097   Installing the file.
2026-09-10 12:54:50.099   Successfully installed the file.
2026-09-10 12:54:50.099   -- File entry --
2026-09-10 12:54:50.099   Dest filename: C:\Program Files\POKROV\data\flutter_assets\packages\country_flags\res\si\wf.si
2026-09-10 12:54:50.099   Time stamp of our file: 2026-08-13 12:30:56.000
2026-09-10 12:54:50.099   Dest file exists.
2026-09-10 12:54:50.099   Time stamp of existing file: 2026-08-13 12:30:56.000
2026-09-10 12:54:50.099   Installing the file.
2026-09-10 12:54:50.099   Successfully installed the file.
2026-09-10 12:54:50.099   -- File entry --
2026-09-10 12:54:50.099   Dest filename: C:\Program Files\POKROV\data\flutter_assets\packages\country_flags\res\si\ws.si
2026-09-10 12:54:50.099   Time stamp of our file: 2026-08-13 12:30:56.000
2026-09-10 12:54:50.099   Dest file exists.
2026-09-10 12:54:50.099   Time stamp of existing file: 2026-08-13 12:30:56.000
2026-09-10 12:54:50.099   Installing the file.
2026-09-10 12:54:50.102   Successfully installed the file.
2026-09-10 12:54:50.102   -- File entry --
2026-09-10 12:54:50.102   Dest filename: C:\Program Files\POKROV\data\flutter_assets\packages\country_flags\res\si\xk.si
2026-09-10 12:54:50.102   Time stamp of our file: 2026-08-13 12:30:56.000
2026-09-10 12:54:50.102   Dest file exists.
2026-09-10 12:54:50.102   Time stamp of existing file: 2026-08-13 12:30:56.000
2026-09-10 12:54:50.102   Installing the file.
2026-09-10 12:54:50.104   Successfully installed the file.
2026-09-10 12:54:50.104   -- File entry --
2026-09-10 12:54:50.104   Dest filename: C:\Program Files\POKROV\data\flutter_assets\packages\country_flags\res\si\xx.si
2026-09-10 12:54:50.104   Time stamp of our file: 2026-08-13 12:30:56.000
2026-09-10 12:54:50.104   Dest file exists.
2026-09-10 12:54:50.104   Time stamp of existing file: 2026-08-13 12:30:56.000
2026-09-10 12:54:50.104   Installing the file.
2026-09-10 12:54:50.106   Successfully installed the file.
2026-09-10 12:54:50.106   -- File entry --
2026-09-10 12:54:50.106   Dest filename: C:\Program Files\POKROV\data\flutter_assets\packages\country_flags\res\si\ye.si
2026-09-10 12:54:50.106   Time stamp of our file: 2026-08-13 12:30:56.000
2026-09-10 12:54:50.106   Dest file exists.
2026-09-10 12:54:50.106   Time stamp of existing file: 2026-08-13 12:30:56.000
2026-09-10 12:54:50.106   Installing the file.
2026-09-10 12:54:50.106   Successfully installed the file.
2026-09-10 12:54:50.108   -- File entry --
2026-09-10 12:54:50.108   Dest filename: C:\Program Files\POKROV\data\flutter_assets\packages\country_flags\res\si\yt.si
2026-09-10 12:54:50.108   Time stamp of our file: 2026-08-13 12:30:56.000
2026-09-10 12:54:50.108   Dest file exists.
2026-09-10 12:54:50.108   Time stamp of existing file: 2026-08-13 12:30:56.000
2026-09-10 12:54:50.108   Installing the file.
2026-09-10 12:54:50.108   Successfully installed the file.
2026-09-10 12:54:50.108   -- File entry --
2026-09-10 12:54:50.110   Dest filename: C:\Program Files\POKROV\data\flutter_assets\packages\country_flags\res\si\za.si
2026-09-10 12:54:50.110   Time stamp of our file: 2026-08-13 12:30:56.000
2026-09-10 12:54:50.110   Dest file exists.
2026-09-10 12:54:50.110   Time stamp of existing file: 2026-08-13 12:30:56.000
2026-09-10 12:54:50.110   Installing the file.
2026-09-10 12:54:50.110   Successfully installed the file.
2026-09-10 12:54:50.110   -- File entry --
2026-09-10 12:54:50.110   Dest filename: C:\Program Files\POKROV\data\flutter_assets\packages\country_flags\res\si\zm.si
2026-09-10 12:54:50.112   Time stamp of our file: 2026-08-13 12:30:56.000
2026-09-10 12:54:50.112   Dest file exists.
2026-09-10 12:54:50.112   Time stamp of existing file: 2026-08-13 12:30:56.000
2026-09-10 12:54:50.112   Installing the file.
2026-09-10 12:54:50.112   Successfully installed the file.
2026-09-10 12:54:50.112   -- File entry --
2026-09-10 12:54:50.112   Dest filename: C:\Program Files\POKROV\data\flutter_assets\packages\country_flags\res\si\zw.si
2026-09-10 12:54:50.112   Time stamp of our file: 2026-08-13 12:30:56.000
2026-09-10 12:54:50.112   Dest file exists.
2026-09-10 12:54:50.112   Time stamp of existing file: 2026-08-13 12:30:56.000
2026-09-10 12:54:50.112   Installing the file.
2026-09-10 12:54:50.114   Successfully installed the file.
2026-09-10 12:54:50.114   -- File entry --
2026-09-10 12:54:50.114   Dest filename: C:\Program Files\POKROV\data\flutter_assets\packages\pokrov_app_shell\assets\brand\pokrov_mark.png
2026-09-10 12:54:50.114   Time stamp of our file: 2026-09-10 12:41:04.000
2026-09-10 12:54:50.114   Dest file exists.
2026-09-10 12:54:50.114   Time stamp of existing file: 2026-09-10 10:47:36.000
2026-09-10 12:54:50.114   Installing the file.
2026-09-10 12:54:50.116   Successfully installed the file.
2026-09-10 12:54:50.116   -- File entry --
2026-09-10 12:54:50.116   Dest filename: C:\Program Files\POKROV\data\flutter_assets\packages\pokrov_app_shell\assets\brand\pokrov_mark_128.png
2026-09-10 12:54:50.119   Time stamp of our file: 2026-09-10 12:41:04.000
2026-09-10 12:54:50.119   Dest file exists.
2026-09-10 12:54:50.119   Time stamp of existing file: 2026-09-10 10:47:36.000
2026-09-10 12:54:50.119   Installing the file.
2026-09-10 12:54:50.119   Successfully installed the file.
2026-09-10 12:54:50.119   -- File entry --
2026-09-10 12:54:50.119   Dest filename: C:\Program Files\POKROV\data\flutter_assets\packages\pokrov_app_shell\assets\brand\pokrov_mark_256.png
2026-09-10 12:54:50.119   Time stamp of our file: 2026-09-10 12:41:04.000
2026-09-10 12:54:50.119   Dest file exists.
2026-09-10 12:54:50.121   Time stamp of existing file: 2026-09-10 10:47:36.000
2026-09-10 12:54:50.121   Installing the file.
2026-09-10 12:54:50.121   Successfully installed the file.
2026-09-10 12:54:50.121   -- File entry --
2026-09-10 12:54:50.121   Dest filename: C:\Program Files\POKROV\data\flutter_assets\packages\pokrov_app_shell\assets\fonts\GolosText-Bold.ttf
2026-09-10 12:54:50.121   Time stamp of our file: 2026-09-10 12:41:04.000
2026-09-10 12:54:50.121   Dest file exists.
2026-09-10 12:54:50.121   Time stamp of existing file: 2026-09-10 10:47:36.000
2026-09-10 12:54:50.121   Installing the file.
2026-09-10 12:54:50.125   Successfully installed the file.
2026-09-10 12:54:50.125   -- File entry --
2026-09-10 12:54:50.125   Dest filename: C:\Program Files\POKROV\data\flutter_assets\packages\pokrov_app_shell\assets\fonts\GolosText-ExtraBold.ttf
2026-09-10 12:54:50.125   Time stamp of our file: 2026-09-10 12:41:04.000
2026-09-10 12:54:50.125   Dest file exists.
2026-09-10 12:54:50.125   Time stamp of existing file: 2026-09-10 10:47:36.000
2026-09-10 12:54:50.125   Installing the file.
2026-09-10 12:54:50.127   Successfully installed the file.
2026-09-10 12:54:50.127   -- File entry --
2026-09-10 12:54:50.127   Dest filename: C:\Program Files\POKROV\data\flutter_assets\packages\pokrov_app_shell\assets\fonts\GolosText-Medium.ttf
2026-09-10 12:54:50.127   Time stamp of our file: 2026-09-10 12:41:04.000
2026-09-10 12:54:50.127   Dest file exists.
2026-09-10 12:54:50.127   Time stamp of existing file: 2026-09-10 10:47:36.000
2026-09-10 12:54:50.127   Installing the file.
2026-09-10 12:54:50.129   Successfully installed the file.
2026-09-10 12:54:50.129   -- File entry --
2026-09-10 12:54:50.132   Dest filename: C:\Program Files\POKROV\data\flutter_assets\packages\pokrov_app_shell\assets\fonts\GolosText-Regular.ttf
2026-09-10 12:54:50.132   Time stamp of our file: 2026-09-10 12:41:04.000
2026-09-10 12:54:50.132   Dest file exists.
2026-09-10 12:54:50.132   Time stamp of existing file: 2026-09-10 10:47:36.000
2026-09-10 12:54:50.132   Installing the file.
2026-09-10 12:54:50.132   Successfully installed the file.
2026-09-10 12:54:50.134   -- File entry --
2026-09-10 12:54:50.134   Dest filename: C:\Program Files\POKROV\data\flutter_assets\packages\pokrov_app_shell\assets\fonts\GolosText-SemiBold.ttf
2026-09-10 12:54:50.134   Time stamp of our file: 2026-09-10 12:41:04.000
2026-09-10 12:54:50.134   Dest file exists.
2026-09-10 12:54:50.134   Time stamp of existing file: 2026-09-10 10:47:36.000
2026-09-10 12:54:50.134   Installing the file.
2026-09-10 12:54:50.136   Successfully installed the file.
2026-09-10 12:54:50.136   -- File entry --
2026-09-10 12:54:50.136   Dest filename: C:\Program Files\POKROV\data\flutter_assets\packages\pokrov_app_shell\assets\fonts\OFL.txt
2026-09-10 12:54:50.136   Time stamp of our file: 2026-09-10 12:41:04.000
2026-09-10 12:54:50.136   Dest file exists.
2026-09-10 12:54:50.136   Time stamp of existing file: 2026-09-10 10:47:36.000
2026-09-10 12:54:50.136   Installing the file.
2026-09-10 12:54:50.138   Successfully installed the file.
2026-09-10 12:54:50.138   -- File entry --
2026-09-10 12:54:50.138   Dest filename: C:\Program Files\POKROV\data\flutter_assets\packages\pokrov_app_shell\assets\licenses\native-go-NOTICES.txt
2026-09-10 12:54:50.138   Time stamp of our file: 2026-09-10 12:41:04.000
2026-09-10 12:54:50.138   Dest file exists.
2026-09-10 12:54:50.138   Time stamp of existing file: 2026-09-10 10:47:36.000
2026-09-10 12:54:50.138   Installing the file.
2026-09-10 12:54:50.146   Successfully installed the file.
2026-09-10 12:54:50.146   -- File entry --
2026-09-10 12:54:50.146   Dest filename: C:\Program Files\POKROV\data\flutter_assets\shaders\ink_sparkle.frag
2026-09-10 12:54:50.146   Time stamp of our file: 2026-09-10 12:44:38.000
2026-09-10 12:54:50.146   Dest file exists.
2026-09-10 12:54:50.146   Time stamp of existing file: 2026-09-10 11:04:38.000
2026-09-10 12:54:50.146   Installing the file.
2026-09-10 12:54:50.149   Successfully installed the file.
2026-09-10 12:54:50.149   -- File entry --
2026-09-10 12:54:50.149   Dest filename: C:\Program Files\POKROV\data\flutter_assets\shaders\stretch_effect.frag
2026-09-10 12:54:50.149   Time stamp of our file: 2026-09-10 12:44:38.000
2026-09-10 12:54:50.149   Dest file exists.
2026-09-10 12:54:50.149   Time stamp of existing file: 2026-09-10 11:04:38.000
2026-09-10 12:54:50.149   Installing the file.
2026-09-10 12:54:50.151   Successfully installed the file.
2026-09-10 12:54:50.151   -- File entry --
2026-09-10 12:54:50.151   Dest filename: C:\Program Files\POKROV\pokrov_service.exe
2026-09-10 12:54:50.151   Time stamp of our file: 2026-09-10 12:45:06.000
2026-09-10 12:54:50.151   Dest file exists.
2026-09-10 12:54:50.151   Time stamp of existing file: 2026-09-10 11:05:08.000
2026-09-10 12:54:50.151   Installing the file.
2026-09-10 12:54:50.160   Successfully installed the file.
2026-09-10 12:54:50.444   -- Icon entry --
2026-09-10 12:54:50.444   Dest filename: C:\ProgramData\Microsoft\Windows\Start Menu\Programs\POKROV\POKROV.lnk
2026-09-10 12:54:50.447   Creating the icon.
2026-09-10 12:54:50.516   Successfully created the icon.
2026-09-10 12:54:50.530   -- Registry entry --
2026-09-10 12:54:50.530   Key: HKEY_LOCAL_MACHINE\Software\space.pokrov\POKROV\Service
2026-09-10 12:54:50.530   Value name: InstallOwnerSid
2026-09-10 12:54:50.530   Creating or opening the key.
2026-09-10 12:54:50.530   Creating or setting the value.
2026-09-10 12:54:50.530   Successfully created or set the value.
2026-09-10 12:54:50.530   Saving uninstall information.
2026-09-10 12:54:50.530   Renaming uninstaller.
2026-09-10 12:54:50.532   Deleting uninstall key left over from previous administrative 64-bit install.
2026-09-10 12:54:50.532   Creating new uninstall key: HKEY_LOCAL_MACHINE\Software\Microsoft\Windows\CurrentVersion\Uninstall\{A8EE9193-93A9-4B13-A7AD-8441D98A48E1}_is1
2026-09-10 12:54:50.532   Writing uninstall key values.
2026-09-10 12:54:50.532   Detected previous non administrative install? No
2026-09-10 12:54:50.532   Detected previous administrative 32-bit install? No
2026-09-10 12:54:50.536   Installation process succeeded.
2026-09-10 12:54:50.538   Need to restart Windows? No
2026-09-10 12:55:31.100   Deinitializing Setup.
2026-09-10 12:55:31.118   Log closed.
